box_id,rack_id,level,position,x,y,z,status,capacity_used,last_updated
BOX-Rack-A1-L1-P1,Rack-A1,1,1,153.50,85.00,3.33,stored,66,2026-01-31T04:54:55.866Z
BOX-Rack-A1-L1-P2,Rack-A1,1,2,155.00,85.00,3.33,stored,79,2026-02-01T04:54:55.866Z
BOX-Rack-A1-L1-P3,Rack-A1,1,3,156.50,85.00,3.33,stored,76,2026-01-26T04:54:55.866Z
BOX-Rack-A1-L2-P1,Rack-A1,2,1,153.50,85.00,10.00,stored,85,2026-02-02T04:54:55.866Z
BOX-Rack-A1-L2-P2,Rack-A1,2,2,155.00,85.00,10.00,stored,67,2026-01-24T04:54:55.866Z
BOX-Rack-A1-L2-P3,Rack-A1,2,3,156.50,85.00,10.00,stored,74,2026-01-31T04:54:55.866Z
BOX-Rack-A1-L3-P1,Rack-A1,3,1,153.50,85.00,16.67,stored,64,2026-02-14T04:54:55.866Z
BOX-Rack-A1-L3-P2,Rack-A1,3,2,155.00,85.00,16.67,stored,61,2026-02-05T04:54:55.866Z
BOX-Rack-A1-L3-P3,Rack-A1,3,3,156.50,85.00,16.67,stored,81,2026-02-02T04:54:55.866Z
BOX-Rack-A2-L1-P1,Rack-A2,1,1,153.50,100.00,3.33,stored,81,2026-02-08T04:54:55.866Z
BOX-Rack-A2-L1-P2,Rack-A2,1,2,155.00,100.00,3.33,stored,75,2026-01-23T04:54:55.866Z
BOX-Rack-A2-L1-P3,Rack-A2,1,3,156.50,100.00,3.33,stored,70,2026-02-06T04:54:55.866Z
BOX-Rack-A2-L2-P1,Rack-A2,2,1,153.50,100.00,10.00,stored,87,2026-01-25T04:54:55.866Z
BOX-Rack-A2-L2-P2,Rack-A2,2,2,155.00,100.00,10.00,stored,68,2026-02-19T04:54:55.866Z
BOX-Rack-A2-L2-P3,Rack-A2,2,3,156.50,100.00,10.00,stored,61,2026-02-09T04:54:55.866Z
BOX-Rack-A2-L3-P1,Rack-A2,3,1,153.50,100.00,16.67,stored,70,2026-02-14T04:54:55.866Z
BOX-Rack-A2-L3-P2,Rack-A2,3,2,155.00,100.00,16.67,stored,79,2026-01-22T04:54:55.866Z
BOX-Rack-A2-L3-P3,Rack-A2,3,3,156.50,100.00,16.67,stored,74,2026-02-16T04:54:55.866Z
BOX-Rack-A3-L1-P1,Rack-A3,1,1,153.50,115.00,3.33,stored,62,2026-01-29T04:54:55.866Z
BOX-Rack-A3-L1-P2,Rack-A3,1,2,155.00,115.00,3.33,stored,83,2026-01-26T04:54:55.866Z
BOX-Rack-A3-L1-P3,Rack-A3,1,3,156.50,115.00,3.33,stored,67,2026-02-08T04:54:55.866Z
BOX-Rack-A3-L2-P1,Rack-A3,2,1,153.50,115.00,10.00,stored,85,2026-01-29T04:54:55.866Z
BOX-Rack-A3-L2-P2,Rack-A3,2,2,155.00,115.00,10.00,stored,80,2026-02-18T04:54:55.866Z
BOX-Rack-A3-L2-P3,Rack-A3,2,3,156.50,115.00,10.00,stored,68,2026-02-09T04:54:55.866Z
BOX-Rack-A3-L3-P1,Rack-A3,3,1,153.50,115.00,16.67,stored,63,2026-02-06T04:54:55.866Z
BOX-Rack-A3-L3-P2,Rack-A3,3,2,155.00,115.00,16.67,stored,80,2026-02-07T04:54:55.866Z
BOX-Rack-A3-L3-P3,Rack-A3,3,3,156.50,115.00,16.67,stored,61,2026-01-27T04:54:55.866Z
BOX-Rack-A4-L1-P1,Rack-A4,1,1,153.50,130.00,3.33,stored,87,2026-02-08T04:54:55.866Z
BOX-Rack-A4-L1-P2,Rack-A4,1,2,155.00,130.00,3.33,stored,76,2026-01-25T04:54:55.866Z
BOX-Rack-A4-L1-P3,Rack-A4,1,3,156.50,130.00,3.33,stored,84,2026-02-08T04:54:55.866Z
BOX-Rack-A4-L2-P1,Rack-A4,2,1,153.50,130.00,10.00,stored,62,2026-02-08T04:54:55.866Z
BOX-Rack-A4-L2-P2,Rack-A4,2,2,155.00,130.00,10.00,stored,61,2026-01-31T04:54:55.866Z
BOX-Rack-A4-L2-P3,Rack-A4,2,3,156.50,130.00,10.00,stored,64,2026-01-29T04:54:55.866Z
BOX-Rack-A4-L3-P1,Rack-A4,3,1,153.50,130.00,16.67,stored,85,2026-01-27T04:54:55.866Z
BOX-Rack-A4-L3-P2,Rack-A4,3,2,155.00,130.00,16.67,stored,85,2026-02-08T04:54:55.866Z
BOX-Rack-A4-L3-P3,Rack-A4,3,3,156.50,130.00,16.67,stored,65,2026-01-23T04:54:55.866Z
BOX-Rack-A5-L1-P1,Rack-A5,1,1,153.50,145.00,3.33,stored,84,2026-02-13T04:54:55.866Z
BOX-Rack-A5-L1-P2,Rack-A5,1,2,155.00,145.00,3.33,stored,86,2026-02-06T04:54:55.866Z
BOX-Rack-A5-L1-P3,Rack-A5,1,3,156.50,145.00,3.33,stored,86,2026-01-28T04:54:55.866Z
BOX-Rack-A5-L2-P1,Rack-A5,2,1,153.50,145.00,10.00,stored,76,2026-02-10T04:54:55.866Z
BOX-Rack-A5-L2-P2,Rack-A5,2,2,155.00,145.00,10.00,stored,71,2026-01-30T04:54:55.866Z
BOX-Rack-A5-L2-P3,Rack-A5,2,3,156.50,145.00,10.00,stored,72,2026-02-15T04:54:55.866Z
BOX-Rack-A5-L3-P1,Rack-A5,3,1,153.50,145.00,16.67,stored,79,2026-01-30T04:54:55.866Z
BOX-Rack-A5-L3-P2,Rack-A5,3,2,155.00,145.00,16.67,stored,63,2026-02-16T04:54:55.866Z
BOX-Rack-A5-L3-P3,Rack-A5,3,3,156.50,145.00,16.67,stored,65,2026-02-13T04:54:55.866Z
BOX-Rack-A6-L1-P1,Rack-A6,1,1,153.50,160.00,3.33,stored,65,2026-02-18T04:54:55.866Z
BOX-Rack-A6-L1-P2,Rack-A6,1,2,155.00,160.00,3.33,stored,66,2026-01-29T04:54:55.867Z
BOX-Rack-A6-L1-P3,Rack-A6,1,3,156.50,160.00,3.33,stored,75,2026-02-01T04:54:55.867Z
BOX-Rack-A6-L2-P1,Rack-A6,2,1,153.50,160.00,10.00,stored,89,2026-02-18T04:54:55.867Z
BOX-Rack-A6-L2-P2,Rack-A6,2,2,155.00,160.00,10.00,stored,61,2026-02-08T04:54:55.867Z
BOX-Rack-A6-L2-P3,Rack-A6,2,3,156.50,160.00,10.00,stored,65,2026-02-16T04:54:55.867Z
BOX-Rack-A6-L3-P1,Rack-A6,3,1,153.50,160.00,16.67,stored,63,2026-01-29T04:54:55.867Z
BOX-Rack-A6-L3-P2,Rack-A6,3,2,155.00,160.00,16.67,stored,74,2026-02-01T04:54:55.867Z
BOX-Rack-A6-L3-P3,Rack-A6,3,3,156.50,160.00,16.67,stored,69,2026-02-08T04:54:55.867Z
BOX-Rack-B1-L1-P1,Rack-B1,1,1,161.50,85.00,3.33,stored,85,2026-02-14T04:54:55.867Z
BOX-Rack-B1-L1-P2,Rack-B1,1,2,163.00,85.00,3.33,stored,68,2026-02-08T04:54:55.867Z
BOX-Rack-B1-L1-P3,Rack-B1,1,3,164.50,85.00,3.33,stored,65,2026-01-28T04:54:55.867Z
BOX-Rack-B1-L2-P1,Rack-B1,2,1,161.50,85.00,10.00,stored,81,2026-01-23T04:54:55.867Z
BOX-Rack-B1-L2-P2,Rack-B1,2,2,163.00,85.00,10.00,stored,68,2026-02-07T04:54:55.867Z
BOX-Rack-B1-L2-P3,Rack-B1,2,3,164.50,85.00,10.00,stored,75,2026-01-23T04:54:55.867Z
BOX-Rack-B1-L3-P1,Rack-B1,3,1,161.50,85.00,16.67,stored,61,2026-02-18T04:54:55.867Z
BOX-Rack-B1-L3-P2,Rack-B1,3,2,163.00,85.00,16.67,stored,74,2026-01-29T04:54:55.867Z
BOX-Rack-B1-L3-P3,Rack-B1,3,3,164.50,85.00,16.67,stored,70,2026-02-11T04:54:55.867Z
BOX-Rack-B2-L1-P1,Rack-B2,1,1,161.50,100.00,3.33,stored,65,2026-01-21T04:54:55.867Z
BOX-Rack-B2-L1-P2,Rack-B2,1,2,163.00,100.00,3.33,stored,88,2026-02-09T04:54:55.867Z
BOX-Rack-B2-L1-P3,Rack-B2,1,3,164.50,100.00,3.33,stored,73,2026-02-15T04:54:55.867Z
BOX-Rack-B2-L2-P1,Rack-B2,2,1,161.50,100.00,10.00,stored,73,2026-02-17T04:54:55.867Z
BOX-Rack-B2-L2-P2,Rack-B2,2,2,163.00,100.00,10.00,stored,78,2026-01-29T04:54:55.867Z
BOX-Rack-B2-L2-P3,Rack-B2,2,3,164.50,100.00,10.00,stored,77,2026-01-25T04:54:55.867Z
BOX-Rack-B2-L3-P1,Rack-B2,3,1,161.50,100.00,16.67,stored,84,2026-02-06T04:54:55.867Z
BOX-Rack-B2-L3-P2,Rack-B2,3,2,163.00,100.00,16.67,stored,81,2026-02-01T04:54:55.867Z
BOX-Rack-B2-L3-P3,Rack-B2,3,3,164.50,100.00,16.67,stored,83,2026-02-11T04:54:55.867Z
BOX-Rack-B3-L1-P1,Rack-B3,1,1,161.50,115.00,3.33,stored,65,2026-02-07T04:54:55.867Z
BOX-Rack-B3-L1-P2,Rack-B3,1,2,163.00,115.00,3.33,stored,89,2026-02-04T04:54:55.867Z
BOX-Rack-B3-L1-P3,Rack-B3,1,3,164.50,115.00,3.33,stored,86,2026-02-03T04:54:55.867Z
BOX-Rack-B3-L2-P1,Rack-B3,2,1,161.50,115.00,10.00,stored,74,2026-02-07T04:54:55.867Z
BOX-Rack-B3-L2-P2,Rack-B3,2,2,163.00,115.00,10.00,stored,76,2026-02-18T04:54:55.867Z
BOX-Rack-B3-L2-P3,Rack-B3,2,3,164.50,115.00,10.00,stored,63,2026-01-27T04:54:55.867Z
BOX-Rack-B3-L3-P1,Rack-B3,3,1,161.50,115.00,16.67,stored,71,2026-01-24T04:54:55.867Z
BOX-Rack-B3-L3-P2,Rack-B3,3,2,163.00,115.00,16.67,stored,76,2026-02-16T04:54:55.867Z
BOX-Rack-B3-L3-P3,Rack-B3,3,3,164.50,115.00,16.67,stored,89,2026-02-15T04:54:55.867Z
BOX-Rack-B4-L1-P1,Rack-B4,1,1,161.50,130.00,3.33,stored,84,2026-01-31T04:54:55.867Z
BOX-Rack-B4-L1-P2,Rack-B4,1,2,163.00,130.00,3.33,stored,88,2026-02-03T04:54:55.867Z
BOX-Rack-B4-L1-P3,Rack-B4,1,3,164.50,130.00,3.33,stored,86,2026-01-30T04:54:55.867Z
BOX-Rack-B4-L2-P1,Rack-B4,2,1,161.50,130.00,10.00,stored,85,2026-02-08T04:54:55.867Z
BOX-Rack-B4-L2-P2,Rack-B4,2,2,163.00,130.00,10.00,stored,67,2026-02-19T04:54:55.867Z
BOX-Rack-B4-L2-P3,Rack-B4,2,3,164.50,130.00,10.00,stored,75,2026-02-12T04:54:55.867Z
BOX-Rack-B4-L3-P1,Rack-B4,3,1,161.50,130.00,16.67,stored,78,2026-02-09T04:54:55.867Z
BOX-Rack-B4-L3-P2,Rack-B4,3,2,163.00,130.00,16.67,stored,63,2026-02-01T04:54:55.867Z
BOX-Rack-B4-L3-P3,Rack-B4,3,3,164.50,130.00,16.67,stored,79,2026-02-06T04:54:55.867Z
BOX-Rack-B5-L1-P1,Rack-B5,1,1,161.50,145.00,3.33,stored,79,2026-02-11T04:54:55.867Z
BOX-Rack-B5-L1-P2,Rack-B5,1,2,163.00,145.00,3.33,stored,80,2026-02-08T04:54:55.867Z
BOX-Rack-B5-L1-P3,Rack-B5,1,3,164.50,145.00,3.33,stored,83,2026-02-05T04:54:55.867Z
BOX-Rack-B5-L2-P1,Rack-B5,2,1,161.50,145.00,10.00,stored,81,2026-02-07T04:54:55.867Z
BOX-Rack-B5-L2-P2,Rack-B5,2,2,163.00,145.00,10.00,stored,60,2026-01-28T04:54:55.867Z
BOX-Rack-B5-L2-P3,Rack-B5,2,3,164.50,145.00,10.00,stored,64,2026-02-19T04:54:55.867Z
BOX-Rack-B5-L3-P1,Rack-B5,3,1,161.50,145.00,16.67,stored,61,2026-01-28T04:54:55.867Z
BOX-Rack-B5-L3-P2,Rack-B5,3,2,163.00,145.00,16.67,stored,87,2026-02-02T04:54:55.867Z
BOX-Rack-B5-L3-P3,Rack-B5,3,3,164.50,145.00,16.67,stored,66,2026-02-12T04:54:55.867Z
BOX-Rack-B6-L1-P1,Rack-B6,1,1,161.50,160.00,3.33,stored,86,2026-01-25T04:54:55.867Z
BOX-Rack-B6-L1-P2,Rack-B6,1,2,163.00,160.00,3.33,stored,80,2026-02-11T04:54:55.867Z
BOX-Rack-B6-L1-P3,Rack-B6,1,3,164.50,160.00,3.33,stored,82,2026-01-23T04:54:55.867Z
BOX-Rack-B6-L2-P1,Rack-B6,2,1,161.50,160.00,10.00,stored,62,2026-02-05T04:54:55.867Z
BOX-Rack-B6-L2-P2,Rack-B6,2,2,163.00,160.00,10.00,stored,67,2026-02-12T04:54:55.867Z
BOX-Rack-B6-L2-P3,Rack-B6,2,3,164.50,160.00,10.00,stored,69,2026-01-26T04:54:55.867Z
BOX-Rack-B6-L3-P1,Rack-B6,3,1,161.50,160.00,16.67,stored,62,2026-02-08T04:54:55.867Z
BOX-Rack-B6-L3-P2,Rack-B6,3,2,163.00,160.00,16.67,stored,63,2026-02-05T04:54:55.867Z
BOX-Rack-B6-L3-P3,Rack-B6,3,3,164.50,160.00,16.67,stored,85,2026-02-15T04:54:55.867Z
BOX-Rack-C1-L1-P1,Rack-C1,1,1,181.50,85.00,3.33,stored,75,2026-01-29T04:54:55.867Z
BOX-Rack-C1-L1-P2,Rack-C1,1,2,183.00,85.00,3.33,stored,71,2026-01-26T04:54:55.867Z
BOX-Rack-C1-L1-P3,Rack-C1,1,3,184.50,85.00,3.33,stored,83,2026-02-12T04:54:55.867Z
BOX-Rack-C1-L2-P1,Rack-C1,2,1,181.50,85.00,10.00,stored,87,2026-02-19T04:54:55.867Z
BOX-Rack-C1-L2-P2,Rack-C1,2,2,183.00,85.00,10.00,stored,71,2026-01-30T04:54:55.867Z
BOX-Rack-C1-L2-P3,Rack-C1,2,3,184.50,85.00,10.00,stored,79,2026-02-04T04:54:55.867Z
BOX-Rack-C1-L3-P1,Rack-C1,3,1,181.50,85.00,16.67,stored,69,2026-02-06T04:54:55.867Z
BOX-Rack-C1-L3-P2,Rack-C1,3,2,183.00,85.00,16.67,stored,88,2026-01-29T04:54:55.867Z
BOX-Rack-C1-L3-P3,Rack-C1,3,3,184.50,85.00,16.67,stored,71,2026-01-23T04:54:55.867Z
BOX-Rack-C2-L1-P1,Rack-C2,1,1,181.50,100.00,3.33,stored,60,2026-01-26T04:54:55.867Z
BOX-Rack-C2-L1-P2,Rack-C2,1,2,183.00,100.00,3.33,stored,67,2026-01-28T04:54:55.867Z
BOX-Rack-C2-L1-P3,Rack-C2,1,3,184.50,100.00,3.33,stored,88,2026-02-01T04:54:55.867Z
BOX-Rack-C2-L2-P1,Rack-C2,2,1,181.50,100.00,10.00,stored,85,2026-02-12T04:54:55.867Z
BOX-Rack-C2-L2-P2,Rack-C2,2,2,183.00,100.00,10.00,stored,61,2026-01-30T04:54:55.867Z
BOX-Rack-C2-L2-P3,Rack-C2,2,3,184.50,100.00,10.00,stored,85,2026-02-02T04:54:55.867Z
BOX-Rack-C2-L3-P1,Rack-C2,3,1,181.50,100.00,16.67,stored,61,2026-02-10T04:54:55.867Z
BOX-Rack-C2-L3-P2,Rack-C2,3,2,183.00,100.00,16.67,stored,80,2026-02-02T04:54:55.867Z
BOX-Rack-C2-L3-P3,Rack-C2,3,3,184.50,100.00,16.67,stored,85,2026-01-27T04:54:55.867Z
BOX-Rack-C3-L1-P1,Rack-C3,1,1,181.50,115.00,3.33,stored,70,2026-02-06T04:54:55.867Z
BOX-Rack-C3-L1-P2,Rack-C3,1,2,183.00,115.00,3.33,stored,60,2026-01-29T04:54:55.867Z
BOX-Rack-C3-L1-P3,Rack-C3,1,3,184.50,115.00,3.33,stored,63,2026-01-30T04:54:55.867Z
BOX-Rack-C3-L2-P1,Rack-C3,2,1,181.50,115.00,10.00,stored,76,2026-01-30T04:54:55.867Z
BOX-Rack-C3-L2-P2,Rack-C3,2,2,183.00,115.00,10.00,stored,67,2026-02-13T04:54:55.867Z
BOX-Rack-C3-L2-P3,Rack-C3,2,3,184.50,115.00,10.00,stored,87,2026-01-27T04:54:55.867Z
BOX-Rack-C3-L3-P1,Rack-C3,3,1,181.50,115.00,16.67,stored,77,2026-02-11T04:54:55.867Z
BOX-Rack-C3-L3-P2,Rack-C3,3,2,183.00,115.00,16.67,stored,88,2026-02-19T04:54:55.867Z
BOX-Rack-C3-L3-P3,Rack-C3,3,3,184.50,115.00,16.67,stored,64,2026-02-04T04:54:55.867Z
BOX-Rack-C4-L1-P1,Rack-C4,1,1,181.50,130.00,3.33,stored,87,2026-02-15T04:54:55.867Z
BOX-Rack-C4-L1-P2,Rack-C4,1,2,183.00,130.00,3.33,stored,71,2026-02-05T04:54:55.867Z
BOX-Rack-C4-L1-P3,Rack-C4,1,3,184.50,130.00,3.33,stored,86,2026-02-05T04:54:55.867Z
BOX-Rack-C4-L2-P1,Rack-C4,2,1,181.50,130.00,10.00,stored,63,2026-01-24T04:54:55.867Z
BOX-Rack-C4-L2-P2,Rack-C4,2,2,183.00,130.00,10.00,stored,62,2026-01-28T04:54:55.867Z
BOX-Rack-C4-L2-P3,Rack-C4,2,3,184.50,130.00,10.00,stored,76,2026-02-15T04:54:55.867Z
BOX-Rack-C4-L3-P1,Rack-C4,3,1,181.50,130.00,16.67,stored,87,2026-02-06T04:54:55.867Z
BOX-Rack-C4-L3-P2,Rack-C4,3,2,183.00,130.00,16.67,stored,67,2026-02-03T04:54:55.867Z
BOX-Rack-C4-L3-P3,Rack-C4,3,3,184.50,130.00,16.67,stored,79,2026-01-26T04:54:55.867Z
BOX-Rack-C5-L1-P1,Rack-C5,1,1,181.50,145.00,3.33,stored,89,2026-02-14T04:54:55.867Z
BOX-Rack-C5-L1-P2,Rack-C5,1,2,183.00,145.00,3.33,stored,67,2026-01-24T04:54:55.867Z
BOX-Rack-C5-L1-P3,Rack-C5,1,3,184.50,145.00,3.33,stored,73,2026-02-15T04:54:55.867Z
BOX-Rack-C5-L2-P1,Rack-C5,2,1,181.50,145.00,10.00,stored,74,2026-02-12T04:54:55.867Z
BOX-Rack-C5-L2-P2,Rack-C5,2,2,183.00,145.00,10.00,stored,64,2026-02-01T04:54:55.867Z
BOX-Rack-C5-L2-P3,Rack-C5,2,3,184.50,145.00,10.00,stored,86,2026-02-17T04:54:55.867Z
BOX-Rack-C5-L3-P1,Rack-C5,3,1,181.50,145.00,16.67,stored,69,2026-02-02T04:54:55.867Z
BOX-Rack-C5-L3-P2,Rack-C5,3,2,183.00,145.00,16.67,stored,87,2026-02-04T04:54:55.867Z
BOX-Rack-C5-L3-P3,Rack-C5,3,3,184.50,145.00,16.67,stored,60,2026-02-11T04:54:55.867Z
BOX-Rack-C6-L1-P1,Rack-C6,1,1,181.50,160.00,3.33,stored,67,2026-02-10T04:54:55.868Z
BOX-Rack-C6-L1-P2,Rack-C6,1,2,183.00,160.00,3.33,stored,88,2026-02-10T04:54:55.868Z
BOX-Rack-C6-L1-P3,Rack-C6,1,3,184.50,160.00,3.33,stored,88,2026-02-16T04:54:55.868Z
BOX-Rack-C6-L2-P1,Rack-C6,2,1,181.50,160.00,10.00,stored,71,2026-02-10T04:54:55.868Z
BOX-Rack-C6-L2-P2,Rack-C6,2,2,183.00,160.00,10.00,stored,80,2026-02-08T04:54:55.868Z
BOX-Rack-C6-L2-P3,Rack-C6,2,3,184.50,160.00,10.00,stored,67,2026-01-22T04:54:55.868Z
BOX-Rack-C6-L3-P1,Rack-C6,3,1,181.50,160.00,16.67,stored,66,2026-02-04T04:54:55.868Z
BOX-Rack-C6-L3-P2,Rack-C6,3,2,183.00,160.00,16.67,stored,70,2026-02-05T04:54:55.868Z
BOX-Rack-C6-L3-P3,Rack-C6,3,3,184.50,160.00,16.67,stored,78,2026-01-24T04:54:55.868Z
BOX-Rack-D1-L1-P1,Rack-D1,1,1,189.50,85.00,3.33,stored,86,2026-02-15T04:54:55.868Z
BOX-Rack-D1-L1-P2,Rack-D1,1,2,191.00,85.00,3.33,stored,64,2026-02-12T04:54:55.868Z
BOX-Rack-D1-L1-P3,Rack-D1,1,3,192.50,85.00,3.33,stored,87,2026-02-14T04:54:55.868Z
BOX-Rack-D1-L2-P1,Rack-D1,2,1,189.50,85.00,10.00,stored,89,2026-02-15T04:54:55.868Z
BOX-Rack-D1-L2-P2,Rack-D1,2,2,191.00,85.00,10.00,stored,64,2026-02-16T04:54:55.868Z
BOX-Rack-D1-L2-P3,Rack-D1,2,3,192.50,85.00,10.00,stored,82,2026-02-03T04:54:55.868Z
BOX-Rack-D1-L3-P1,Rack-D1,3,1,189.50,85.00,16.67,stored,85,2026-02-05T04:54:55.868Z
BOX-Rack-D1-L3-P2,Rack-D1,3,2,191.00,85.00,16.67,stored,61,2026-02-14T04:54:55.868Z
BOX-Rack-D1-L3-P3,Rack-D1,3,3,192.50,85.00,16.67,stored,85,2026-01-26T04:54:55.868Z
BOX-Rack-D2-L1-P1,Rack-D2,1,1,189.50,100.00,3.33,stored,82,2026-01-25T04:54:55.868Z
BOX-Rack-D2-L1-P2,Rack-D2,1,2,191.00,100.00,3.33,stored,73,2026-02-13T04:54:55.868Z
BOX-Rack-D2-L1-P3,Rack-D2,1,3,192.50,100.00,3.33,stored,64,2026-01-27T04:54:55.868Z
BOX-Rack-D2-L2-P1,Rack-D2,2,1,189.50,100.00,10.00,stored,87,2026-01-27T04:54:55.868Z
BOX-Rack-D2-L2-P2,Rack-D2,2,2,191.00,100.00,10.00,stored,64,2026-01-28T04:54:55.868Z
BOX-Rack-D2-L2-P3,Rack-D2,2,3,192.50,100.00,10.00,stored,88,2026-02-07T04:54:55.868Z
BOX-Rack-D2-L3-P1,Rack-D2,3,1,189.50,100.00,16.67,stored,65,2026-02-11T04:54:55.868Z
BOX-Rack-D2-L3-P2,Rack-D2,3,2,191.00,100.00,16.67,stored,87,2026-02-09T04:54:55.868Z
BOX-Rack-D2-L3-P3,Rack-D2,3,3,192.50,100.00,16.67,stored,71,2026-01-21T04:54:55.868Z
BOX-Rack-D3-L1-P1,Rack-D3,1,1,189.50,115.00,3.33,stored,64,2026-02-10T04:54:55.868Z
BOX-Rack-D3-L1-P2,Rack-D3,1,2,191.00,115.00,3.33,stored,86,2026-02-15T04:54:55.868Z
BOX-Rack-D3-L1-P3,Rack-D3,1,3,192.50,115.00,3.33,stored,66,2026-02-17T04:54:55.868Z
BOX-Rack-D3-L2-P1,Rack-D3,2,1,189.50,115.00,10.00,stored,72,2026-01-24T04:54:55.868Z
BOX-Rack-D3-L2-P2,Rack-D3,2,2,191.00,115.00,10.00,stored,63,2026-02-02T04:54:55.868Z
BOX-Rack-D3-L2-P3,Rack-D3,2,3,192.50,115.00,10.00,stored,82,2026-01-28T04:54:55.868Z
BOX-Rack-D3-L3-P1,Rack-D3,3,1,189.50,115.00,16.67,stored,78,2026-02-04T04:54:55.868Z
BOX-Rack-D3-L3-P2,Rack-D3,3,2,191.00,115.00,16.67,stored,64,2026-01-30T04:54:55.868Z
BOX-Rack-D3-L3-P3,Rack-D3,3,3,192.50,115.00,16.67,stored,76,2026-01-28T04:54:55.868Z
BOX-Rack-D4-L1-P1,Rack-D4,1,1,189.50,130.00,3.33,stored,61,2026-01-25T04:54:55.868Z
BOX-Rack-D4-L1-P2,Rack-D4,1,2,191.00,130.00,3.33,stored,72,2026-01-23T04:54:55.868Z
BOX-Rack-D4-L1-P3,Rack-D4,1,3,192.50,130.00,3.33,stored,64,2026-01-28T04:54:55.868Z
BOX-Rack-D4-L2-P1,Rack-D4,2,1,189.50,130.00,10.00,stored,66,2026-02-15T04:54:55.868Z
BOX-Rack-D4-L2-P2,Rack-D4,2,2,191.00,130.00,10.00,stored,80,2026-01-26T04:54:55.868Z
BOX-Rack-D4-L2-P3,Rack-D4,2,3,192.50,130.00,10.00,stored,62,2026-02-01T04:54:55.868Z
BOX-Rack-D4-L3-P1,Rack-D4,3,1,189.50,130.00,16.67,stored,80,2026-01-29T04:54:55.868Z
BOX-Rack-D4-L3-P2,Rack-D4,3,2,191.00,130.00,16.67,stored,63,2026-01-25T04:54:55.868Z
BOX-Rack-D4-L3-P3,Rack-D4,3,3,192.50,130.00,16.67,stored,69,2026-02-19T04:54:55.868Z
BOX-Rack-D5-L1-P1,Rack-D5,1,1,189.50,145.00,3.33,stored,68,2026-02-04T04:54:55.868Z
BOX-Rack-D5-L1-P2,Rack-D5,1,2,191.00,145.00,3.33,stored,80,2026-01-27T04:54:55.868Z
BOX-Rack-D5-L1-P3,Rack-D5,1,3,192.50,145.00,3.33,stored,84,2026-01-30T04:54:55.868Z
BOX-Rack-D5-L2-P1,Rack-D5,2,1,189.50,145.00,10.00,stored,76,2026-02-12T04:54:55.868Z
BOX-Rack-D5-L2-P2,Rack-D5,2,2,191.00,145.00,10.00,stored,81,2026-01-29T04:54:55.868Z
BOX-Rack-D5-L2-P3,Rack-D5,2,3,192.50,145.00,10.00,stored,85,2026-02-02T04:54:55.868Z
BOX-Rack-D5-L3-P1,Rack-D5,3,1,189.50,145.00,16.67,stored,87,2026-02-19T04:54:55.868Z
BOX-Rack-D5-L3-P2,Rack-D5,3,2,191.00,145.00,16.67,stored,79,2026-02-06T04:54:55.868Z
BOX-Rack-D5-L3-P3,Rack-D5,3,3,192.50,145.00,16.67,stored,60,2026-01-28T04:54:55.868Z
BOX-Rack-D6-L1-P1,Rack-D6,1,1,189.50,160.00,3.33,stored,76,2026-02-13T04:54:55.868Z
BOX-Rack-D6-L1-P2,Rack-D6,1,2,191.00,160.00,3.33,stored,68,2026-02-15T04:54:55.868Z
BOX-Rack-D6-L1-P3,Rack-D6,1,3,192.50,160.00,3.33,stored,71,2026-02-07T04:54:55.868Z
BOX-Rack-D6-L2-P1,Rack-D6,2,1,189.50,160.00,10.00,stored,62,2026-02-11T04:54:55.868Z
BOX-Rack-D6-L2-P2,Rack-D6,2,2,191.00,160.00,10.00,stored,73,2026-02-09T04:54:55.868Z
BOX-Rack-D6-L2-P3,Rack-D6,2,3,192.50,160.00,10.00,stored,87,2026-01-26T04:54:55.868Z
BOX-Rack-D6-L3-P1,Rack-D6,3,1,189.50,160.00,16.67,stored,84,2026-01-21T04:54:55.868Z
BOX-Rack-D6-L3-P2,Rack-D6,3,2,191.00,160.00,16.67,stored,85,2026-02-07T04:54:55.868Z
BOX-Rack-D6-L3-P3,Rack-D6,3,3,192.50,160.00,16.67,stored,80,2026-01-31T04:54:55.868Z
BOX-Rack-E1-L1-P1,Rack-E1,1,1,209.50,85.00,3.33,stored,85,2026-02-07T04:54:55.868Z
BOX-Rack-E1-L1-P2,Rack-E1,1,2,211.00,85.00,3.33,stored,70,2026-02-15T04:54:55.868Z
BOX-Rack-E1-L1-P3,Rack-E1,1,3,212.50,85.00,3.33,stored,73,2026-02-16T04:54:55.868Z
BOX-Rack-E1-L2-P1,Rack-E1,2,1,209.50,85.00,10.00,stored,75,2026-01-29T04:54:55.868Z
BOX-Rack-E1-L2-P2,Rack-E1,2,2,211.00,85.00,10.00,stored,80,2026-01-26T04:54:55.868Z
BOX-Rack-E1-L2-P3,Rack-E1,2,3,212.50,85.00,10.00,stored,69,2026-02-12T04:54:55.868Z
BOX-Rack-E1-L3-P1,Rack-E1,3,1,209.50,85.00,16.67,stored,89,2026-02-08T04:54:55.868Z
BOX-Rack-E1-L3-P2,Rack-E1,3,2,211.00,85.00,16.67,stored,60,2026-02-14T04:54:55.868Z
BOX-Rack-E1-L3-P3,Rack-E1,3,3,212.50,85.00,16.67,stored,81,2026-01-23T04:54:55.868Z
BOX-Rack-E2-L1-P1,Rack-E2,1,1,209.50,100.00,3.33,stored,69,2026-01-23T04:54:55.868Z
BOX-Rack-E2-L1-P2,Rack-E2,1,2,211.00,100.00,3.33,stored,77,2026-02-08T04:54:55.868Z
BOX-Rack-E2-L1-P3,Rack-E2,1,3,212.50,100.00,3.33,stored,67,2026-01-29T04:54:55.868Z
BOX-Rack-E2-L2-P1,Rack-E2,2,1,209.50,100.00,10.00,stored,82,2026-02-15T04:54:55.868Z
BOX-Rack-E2-L2-P2,Rack-E2,2,2,211.00,100.00,10.00,stored,60,2026-02-10T04:54:55.868Z
BOX-Rack-E2-L2-P3,Rack-E2,2,3,212.50,100.00,10.00,stored,74,2026-02-09T04:54:55.868Z
BOX-Rack-E2-L3-P1,Rack-E2,3,1,209.50,100.00,16.67,stored,81,2026-01-26T04:54:55.868Z
BOX-Rack-E2-L3-P2,Rack-E2,3,2,211.00,100.00,16.67,stored,62,2026-02-10T04:54:55.868Z
BOX-Rack-E2-L3-P3,Rack-E2,3,3,212.50,100.00,16.67,stored,75,2026-01-31T04:54:55.868Z
BOX-Rack-E3-L1-P1,Rack-E3,1,1,209.50,115.00,3.33,stored,79,2026-01-30T04:54:55.868Z
BOX-Rack-E3-L1-P2,Rack-E3,1,2,211.00,115.00,3.33,stored,84,2026-01-22T04:54:55.868Z
BOX-Rack-E3-L1-P3,Rack-E3,1,3,212.50,115.00,3.33,stored,63,2026-02-12T04:54:55.868Z
BOX-Rack-E3-L2-P1,Rack-E3,2,1,209.50,115.00,10.00,stored,65,2026-02-12T04:54:55.868Z
BOX-Rack-E3-L2-P2,Rack-E3,2,2,211.00,115.00,10.00,stored,82,2026-02-01T04:54:55.868Z
BOX-Rack-E3-L2-P3,Rack-E3,2,3,212.50,115.00,10.00,stored,77,2026-02-12T04:54:55.868Z
BOX-Rack-E3-L3-P1,Rack-E3,3,1,209.50,115.00,16.67,stored,67,2026-01-25T04:54:55.868Z
BOX-Rack-E3-L3-P2,Rack-E3,3,2,211.00,115.00,16.67,stored,61,2026-01-29T04:54:55.868Z
BOX-Rack-E3-L3-P3,Rack-E3,3,3,212.50,115.00,16.67,stored,81,2026-02-10T04:54:55.868Z
BOX-Rack-E4-L1-P1,Rack-E4,1,1,209.50,130.00,3.33,stored,70,2026-02-12T04:54:55.868Z
BOX-Rack-E4-L1-P2,Rack-E4,1,2,211.00,130.00,3.33,stored,77,2026-02-10T04:54:55.868Z
BOX-Rack-E4-L1-P3,Rack-E4,1,3,212.50,130.00,3.33,stored,71,2026-01-27T04:54:55.868Z
BOX-Rack-E4-L2-P1,Rack-E4,2,1,209.50,130.00,10.00,stored,78,2026-01-24T04:54:55.868Z
BOX-Rack-E4-L2-P2,Rack-E4,2,2,211.00,130.00,10.00,stored,68,2026-02-16T04:54:55.868Z
BOX-Rack-E4-L2-P3,Rack-E4,2,3,212.50,130.00,10.00,stored,65,2026-02-12T04:54:55.868Z
BOX-Rack-E4-L3-P1,Rack-E4,3,1,209.50,130.00,16.67,stored,65,2026-01-29T04:54:55.868Z
BOX-Rack-E4-L3-P2,Rack-E4,3,2,211.00,130.00,16.67,stored,77,2026-01-28T04:54:55.868Z
BOX-Rack-E4-L3-P3,Rack-E4,3,3,212.50,130.00,16.67,stored,76,2026-02-07T04:54:55.868Z
BOX-Rack-E5-L1-P1,Rack-E5,1,1,209.50,145.00,3.33,stored,83,2026-01-23T04:54:55.868Z
BOX-Rack-E5-L1-P2,Rack-E5,1,2,211.00,145.00,3.33,stored,71,2026-02-09T04:54:55.868Z
BOX-Rack-E5-L1-P3,Rack-E5,1,3,212.50,145.00,3.33,stored,63,2026-02-16T04:54:55.868Z
BOX-Rack-E5-L2-P1,Rack-E5,2,1,209.50,145.00,10.00,stored,78,2026-02-16T04:54:55.868Z
BOX-Rack-E5-L2-P2,Rack-E5,2,2,211.00,145.00,10.00,stored,78,2026-02-06T04:54:55.868Z
BOX-Rack-E5-L2-P3,Rack-E5,2,3,212.50,145.00,10.00,stored,84,2026-02-10T04:54:55.868Z
BOX-Rack-E5-L3-P1,Rack-E5,3,1,209.50,145.00,16.67,stored,62,2026-01-31T04:54:55.868Z
BOX-Rack-E5-L3-P2,Rack-E5,3,2,211.00,145.00,16.67,stored,81,2026-02-07T04:54:55.868Z
BOX-Rack-E5-L3-P3,Rack-E5,3,3,212.50,145.00,16.67,stored,64,2026-02-12T04:54:55.868Z
BOX-Rack-E6-L1-P1,Rack-E6,1,1,209.50,160.00,3.33,stored,75,2026-02-19T04:54:55.868Z
BOX-Rack-E6-L1-P2,Rack-E6,1,2,211.00,160.00,3.33,stored,73,2026-02-15T04:54:55.868Z
BOX-Rack-E6-L1-P3,Rack-E6,1,3,212.50,160.00,3.33,stored,69,2026-02-17T04:54:55.868Z
BOX-Rack-E6-L2-P1,Rack-E6,2,1,209.50,160.00,10.00,stored,79,2026-01-30T04:54:55.868Z
BOX-Rack-E6-L2-P2,Rack-E6,2,2,211.00,160.00,10.00,stored,60,2026-02-06T04:54:55.868Z
BOX-Rack-E6-L2-P3,Rack-E6,2,3,212.50,160.00,10.00,stored,86,2026-02-08T04:54:55.868Z
BOX-Rack-E6-L3-P1,Rack-E6,3,1,209.50,160.00,16.67,stored,89,2026-01-30T04:54:55.868Z
BOX-Rack-E6-L3-P2,Rack-E6,3,2,211.00,160.00,16.67,stored,88,2026-02-16T04:54:55.868Z
BOX-Rack-E6-L3-P3,Rack-E6,3,3,212.50,160.00,16.67,stored,66,2026-02-11T04:54:55.868Z
BOX-Rack-F1-L1-P1,Rack-F1,1,1,217.50,85.00,3.33,stored,67,2026-02-04T04:54:55.868Z
BOX-Rack-F1-L1-P2,Rack-F1,1,2,219.00,85.00,3.33,stored,75,2026-01-28T04:54:55.868Z
BOX-Rack-F1-L1-P3,Rack-F1,1,3,220.50,85.00,3.33,stored,72,2026-01-28T04:54:55.868Z
BOX-Rack-F1-L2-P1,Rack-F1,2,1,217.50,85.00,10.00,stored,84,2026-01-24T04:54:55.868Z
BOX-Rack-F1-L2-P2,Rack-F1,2,2,219.00,85.00,10.00,stored,72,2026-02-08T04:54:55.868Z
BOX-Rack-F1-L2-P3,Rack-F1,2,3,220.50,85.00,10.00,stored,76,2026-02-06T04:54:55.868Z
BOX-Rack-F1-L3-P1,Rack-F1,3,1,217.50,85.00,16.67,stored,64,2026-02-10T04:54:55.868Z
BOX-Rack-F1-L3-P2,Rack-F1,3,2,219.00,85.00,16.67,stored,85,2026-01-29T04:54:55.868Z
BOX-Rack-F1-L3-P3,Rack-F1,3,3,220.50,85.00,16.67,stored,82,2026-02-19T04:54:55.868Z
BOX-Rack-F2-L1-P1,Rack-F2,1,1,217.50,100.00,3.33,stored,66,2026-02-02T04:54:55.868Z
BOX-Rack-F2-L1-P2,Rack-F2,1,2,219.00,100.00,3.33,stored,81,2026-02-11T04:54:55.868Z
BOX-Rack-F2-L1-P3,Rack-F2,1,3,220.50,100.00,3.33,stored,76,2026-02-12T04:54:55.868Z
BOX-Rack-F2-L2-P1,Rack-F2,2,1,217.50,100.00,10.00,stored,88,2026-01-22T04:54:55.868Z
BOX-Rack-F2-L2-P2,Rack-F2,2,2,219.00,100.00,10.00,stored,76,2026-01-30T04:54:55.868Z
BOX-Rack-F2-L2-P3,Rack-F2,2,3,220.50,100.00,10.00,stored,61,2026-02-12T04:54:55.868Z
BOX-Rack-F2-L3-P1,Rack-F2,3,1,217.50,100.00,16.67,stored,70,2026-01-29T04:54:55.868Z
BOX-Rack-F2-L3-P2,Rack-F2,3,2,219.00,100.00,16.67,stored,83,2026-01-27T04:54:55.868Z
BOX-Rack-F2-L3-P3,Rack-F2,3,3,220.50,100.00,16.67,stored,74,2026-01-26T04:54:55.868Z
BOX-Rack-F3-L1-P1,Rack-F3,1,1,217.50,115.00,3.33,stored,87,2026-02-12T04:54:55.868Z
BOX-Rack-F3-L1-P2,Rack-F3,1,2,219.00,115.00,3.33,stored,88,2026-02-12T04:54:55.868Z
BOX-Rack-F3-L1-P3,Rack-F3,1,3,220.50,115.00,3.33,stored,89,2026-01-21T04:54:55.869Z
BOX-Rack-F3-L2-P1,Rack-F3,2,1,217.50,115.00,10.00,stored,77,2026-02-03T04:54:55.869Z
BOX-Rack-F3-L2-P2,Rack-F3,2,2,219.00,115.00,10.00,stored,79,2026-02-14T04:54:55.869Z
BOX-Rack-F3-L2-P3,Rack-F3,2,3,220.50,115.00,10.00,stored,66,2026-02-04T04:54:55.869Z
BOX-Rack-F3-L3-P1,Rack-F3,3,1,217.50,115.00,16.67,stored,77,2026-02-02T04:54:55.869Z
BOX-Rack-F3-L3-P2,Rack-F3,3,2,219.00,115.00,16.67,stored,61,2026-02-10T04:54:55.869Z
BOX-Rack-F3-L3-P3,Rack-F3,3,3,220.50,115.00,16.67,stored,60,2026-02-19T04:54:55.869Z
BOX-Rack-F4-L1-P1,Rack-F4,1,1,217.50,130.00,3.33,stored,85,2026-02-13T04:54:55.869Z
BOX-Rack-F4-L1-P2,Rack-F4,1,2,219.00,130.00,3.33,stored,78,2026-02-15T04:54:55.869Z
BOX-Rack-F4-L1-P3,Rack-F4,1,3,220.50,130.00,3.33,stored,86,2026-01-31T04:54:55.869Z
BOX-Rack-F4-L2-P1,Rack-F4,2,1,217.50,130.00,10.00,stored,82,2026-02-05T04:54:55.869Z
BOX-Rack-F4-L2-P2,Rack-F4,2,2,219.00,130.00,10.00,stored,67,2026-02-14T04:54:55.869Z
BOX-Rack-F4-L2-P3,Rack-F4,2,3,220.50,130.00,10.00,stored,77,2026-02-14T04:54:55.869Z
BOX-Rack-F4-L3-P1,Rack-F4,3,1,217.50,130.00,16.67,stored,81,2026-01-27T04:54:55.869Z
BOX-Rack-F4-L3-P2,Rack-F4,3,2,219.00,130.00,16.67,stored,69,2026-01-30T04:54:55.869Z
BOX-Rack-F4-L3-P3,Rack-F4,3,3,220.50,130.00,16.67,stored,68,2026-01-31T04:54:55.869Z
BOX-Rack-F5-L1-P1,Rack-F5,1,1,217.50,145.00,3.33,stored,77,2026-01-23T04:54:55.869Z
BOX-Rack-F5-L1-P2,Rack-F5,1,2,219.00,145.00,3.33,stored,77,2026-02-12T04:54:55.869Z
BOX-Rack-F5-L1-P3,Rack-F5,1,3,220.50,145.00,3.33,stored,73,2026-02-04T04:54:55.869Z
BOX-Rack-F5-L2-P1,Rack-F5,2,1,217.50,145.00,10.00,stored,64,2026-01-29T04:54:55.869Z
BOX-Rack-F5-L2-P2,Rack-F5,2,2,219.00,145.00,10.00,stored,60,2026-01-26T04:54:55.869Z
BOX-Rack-F5-L2-P3,Rack-F5,2,3,220.50,145.00,10.00,stored,87,2026-01-30T04:54:55.869Z
BOX-Rack-F5-L3-P1,Rack-F5,3,1,217.50,145.00,16.67,stored,65,2026-02-19T04:54:55.869Z
BOX-Rack-F5-L3-P2,Rack-F5,3,2,219.00,145.00,16.67,stored,61,2026-01-30T04:54:55.869Z
BOX-Rack-F5-L3-P3,Rack-F5,3,3,220.50,145.00,16.67,stored,72,2026-01-31T04:54:55.869Z
BOX-Rack-F6-L1-P1,Rack-F6,1,1,217.50,160.00,3.33,stored,81,2026-02-05T04:54:55.869Z
BOX-Rack-F6-L1-P2,Rack-F6,1,2,219.00,160.00,3.33,stored,83,2026-01-21T04:54:55.869Z
BOX-Rack-F6-L1-P3,Rack-F6,1,3,220.50,160.00,3.33,stored,68,2026-02-14T04:54:55.869Z
BOX-Rack-F6-L2-P1,Rack-F6,2,1,217.50,160.00,10.00,stored,71,2026-02-03T04:54:55.869Z
BOX-Rack-F6-L2-P2,Rack-F6,2,2,219.00,160.00,10.00,stored,84,2026-02-12T04:54:55.869Z
BOX-Rack-F6-L2-P3,Rack-F6,2,3,220.50,160.00,10.00,stored,85,2026-01-30T04:54:55.869Z
BOX-Rack-F6-L3-P1,Rack-F6,3,1,217.50,160.00,16.67,stored,80,2026-02-19T04:54:55.869Z
BOX-Rack-F6-L3-P2,Rack-F6,3,2,219.00,160.00,16.67,stored,74,2026-01-31T04:54:55.869Z
BOX-Rack-F6-L3-P3,Rack-F6,3,3,220.50,160.00,16.67,stored,68,2026-02-14T04:54:55.869Z
BOX-Rack-G1-L1-P1,Rack-G1,1,1,237.50,85.00,3.33,stored,73,2026-02-14T04:54:55.869Z
BOX-Rack-G1-L1-P2,Rack-G1,1,2,239.00,85.00,3.33,stored,63,2026-01-21T04:54:55.869Z
BOX-Rack-G1-L1-P3,Rack-G1,1,3,240.50,85.00,3.33,stored,64,2026-02-19T04:54:55.869Z
BOX-Rack-G1-L2-P1,Rack-G1,2,1,237.50,85.00,10.00,stored,62,2026-02-02T04:54:55.869Z
BOX-Rack-G1-L2-P2,Rack-G1,2,2,239.00,85.00,10.00,stored,62,2026-02-08T04:54:55.869Z
BOX-Rack-G1-L2-P3,Rack-G1,2,3,240.50,85.00,10.00,stored,64,2026-02-10T04:54:55.869Z
BOX-Rack-G1-L3-P1,Rack-G1,3,1,237.50,85.00,16.67,stored,74,2026-01-31T04:54:55.869Z
BOX-Rack-G1-L3-P2,Rack-G1,3,2,239.00,85.00,16.67,stored,86,2026-01-28T04:54:55.869Z
BOX-Rack-G1-L3-P3,Rack-G1,3,3,240.50,85.00,16.67,stored,63,2026-02-16T04:54:55.869Z
BOX-Rack-G2-L1-P1,Rack-G2,1,1,237.50,100.00,3.33,stored,82,2026-02-12T04:54:55.869Z
BOX-Rack-G2-L1-P2,Rack-G2,1,2,239.00,100.00,3.33,stored,81,2026-01-30T04:54:55.869Z
BOX-Rack-G2-L1-P3,Rack-G2,1,3,240.50,100.00,3.33,stored,66,2026-02-19T04:54:55.869Z
BOX-Rack-G2-L2-P1,Rack-G2,2,1,237.50,100.00,10.00,stored,82,2026-01-21T04:54:55.869Z
BOX-Rack-G2-L2-P2,Rack-G2,2,2,239.00,100.00,10.00,stored,62,2026-02-04T04:54:55.869Z
BOX-Rack-G2-L2-P3,Rack-G2,2,3,240.50,100.00,10.00,stored,77,2026-01-23T04:54:55.869Z
BOX-Rack-G2-L3-P1,Rack-G2,3,1,237.50,100.00,16.67,stored,73,2026-02-06T04:54:55.869Z
BOX-Rack-G2-L3-P2,Rack-G2,3,2,239.00,100.00,16.67,stored,89,2026-01-26T04:54:55.869Z
BOX-Rack-G2-L3-P3,Rack-G2,3,3,240.50,100.00,16.67,stored,65,2026-02-12T04:54:55.869Z
BOX-Rack-G3-L1-P1,Rack-G3,1,1,237.50,115.00,3.33,stored,88,2026-01-28T04:54:55.869Z
BOX-Rack-G3-L1-P2,Rack-G3,1,2,239.00,115.00,3.33,stored,62,2026-02-17T04:54:55.869Z
BOX-Rack-G3-L1-P3,Rack-G3,1,3,240.50,115.00,3.33,stored,66,2026-01-22T04:54:55.869Z
BOX-Rack-G3-L2-P1,Rack-G3,2,1,237.50,115.00,10.00,stored,75,2026-02-04T04:54:55.869Z
BOX-Rack-G3-L2-P2,Rack-G3,2,2,239.00,115.00,10.00,stored,80,2026-02-01T04:54:55.869Z
BOX-Rack-G3-L2-P3,Rack-G3,2,3,240.50,115.00,10.00,stored,80,2026-02-04T04:54:55.869Z
BOX-Rack-G3-L3-P1,Rack-G3,3,1,237.50,115.00,16.67,stored,66,2026-01-31T04:54:55.869Z
BOX-Rack-G3-L3-P2,Rack-G3,3,2,239.00,115.00,16.67,stored,80,2026-01-21T04:54:55.869Z
BOX-Rack-G3-L3-P3,Rack-G3,3,3,240.50,115.00,16.67,stored,65,2026-02-18T04:54:55.869Z
BOX-Rack-G4-L1-P1,Rack-G4,1,1,237.50,130.00,3.33,stored,77,2026-02-11T04:54:55.869Z
BOX-Rack-G4-L1-P2,Rack-G4,1,2,239.00,130.00,3.33,stored,74,2026-02-15T04:54:55.869Z
BOX-Rack-G4-L1-P3,Rack-G4,1,3,240.50,130.00,3.33,stored,61,2026-01-30T04:54:55.869Z
BOX-Rack-G4-L2-P1,Rack-G4,2,1,237.50,130.00,10.00,stored,67,2026-02-07T04:54:55.870Z
BOX-Rack-G4-L2-P2,Rack-G4,2,2,239.00,130.00,10.00,stored,63,2026-02-01T04:54:55.870Z
BOX-Rack-G4-L2-P3,Rack-G4,2,3,240.50,130.00,10.00,stored,83,2026-02-17T04:54:55.870Z
BOX-Rack-G4-L3-P1,Rack-G4,3,1,237.50,130.00,16.67,stored,68,2026-01-23T04:54:55.870Z
BOX-Rack-G4-L3-P2,Rack-G4,3,2,239.00,130.00,16.67,stored,81,2026-02-15T04:54:55.870Z
BOX-Rack-G4-L3-P3,Rack-G4,3,3,240.50,130.00,16.67,stored,74,2026-02-18T04:54:55.870Z
BOX-Rack-G5-L1-P1,Rack-G5,1,1,237.50,145.00,3.33,stored,83,2026-01-29T04:54:55.870Z
BOX-Rack-G5-L1-P2,Rack-G5,1,2,239.00,145.00,3.33,stored,89,2026-02-04T04:54:55.870Z
BOX-Rack-G5-L1-P3,Rack-G5,1,3,240.50,145.00,3.33,stored,81,2026-02-19T04:54:55.870Z
BOX-Rack-G5-L2-P1,Rack-G5,2,1,237.50,145.00,10.00,stored,60,2026-01-30T04:54:55.870Z
BOX-Rack-G5-L2-P2,Rack-G5,2,2,239.00,145.00,10.00,stored,80,2026-02-13T04:54:55.870Z
BOX-Rack-G5-L2-P3,Rack-G5,2,3,240.50,145.00,10.00,stored,85,2026-01-26T04:54:55.870Z
BOX-Rack-G5-L3-P1,Rack-G5,3,1,237.50,145.00,16.67,stored,65,2026-02-03T04:54:55.870Z
BOX-Rack-G5-L3-P2,Rack-G5,3,2,239.00,145.00,16.67,stored,73,2026-02-14T04:54:55.870Z
BOX-Rack-G5-L3-P3,Rack-G5,3,3,240.50,145.00,16.67,stored,70,2026-02-07T04:54:55.870Z
BOX-Rack-G6-L1-P1,Rack-G6,1,1,237.50,160.00,3.33,stored,70,2026-01-21T04:54:55.870Z
BOX-Rack-G6-L1-P2,Rack-G6,1,2,239.00,160.00,3.33,stored,63,2026-02-03T04:54:55.870Z
BOX-Rack-G6-L1-P3,Rack-G6,1,3,240.50,160.00,3.33,stored,68,2026-01-25T04:54:55.870Z
BOX-Rack-G6-L2-P1,Rack-G6,2,1,237.50,160.00,10.00,stored,75,2026-01-29T04:54:55.870Z
BOX-Rack-G6-L2-P2,Rack-G6,2,2,239.00,160.00,10.00,stored,70,2026-01-30T04:54:55.870Z
BOX-Rack-G6-L2-P3,Rack-G6,2,3,240.50,160.00,10.00,stored,77,2026-02-09T04:54:55.870Z
BOX-Rack-G6-L3-P1,Rack-G6,3,1,237.50,160.00,16.67,stored,67,2026-02-07T04:54:55.870Z
BOX-Rack-G6-L3-P2,Rack-G6,3,2,239.00,160.00,16.67,stored,75,2026-02-09T04:54:55.870Z
BOX-Rack-G6-L3-P3,Rack-G6,3,3,240.50,160.00,16.67,stored,82,2026-02-05T04:54:55.870Z
BOX-Rack-H1-L1-P1,Rack-H1,1,1,245.50,85.00,3.33,stored,72,2026-02-07T04:54:55.870Z
BOX-Rack-H1-L1-P2,Rack-H1,1,2,247.00,85.00,3.33,stored,64,2026-01-27T04:54:55.870Z
BOX-Rack-H1-L1-P3,Rack-H1,1,3,248.50,85.00,3.33,stored,89,2026-02-11T04:54:55.870Z
BOX-Rack-H1-L2-P1,Rack-H1,2,1,245.50,85.00,10.00,stored,68,2026-02-16T04:54:55.870Z
BOX-Rack-H1-L2-P2,Rack-H1,2,2,247.00,85.00,10.00,stored,70,2026-01-27T04:54:55.870Z
BOX-Rack-H1-L2-P3,Rack-H1,2,3,248.50,85.00,10.00,stored,83,2026-02-19T04:54:55.870Z
BOX-Rack-H1-L3-P1,Rack-H1,3,1,245.50,85.00,16.67,stored,66,2026-01-23T04:54:55.870Z
BOX-Rack-H1-L3-P2,Rack-H1,3,2,247.00,85.00,16.67,stored,70,2026-01-21T04:54:55.870Z
BOX-Rack-H1-L3-P3,Rack-H1,3,3,248.50,85.00,16.67,stored,85,2026-02-08T04:54:55.870Z
BOX-Rack-H2-L1-P1,Rack-H2,1,1,245.50,100.00,3.33,stored,69,2026-02-10T04:54:55.870Z
BOX-Rack-H2-L1-P2,Rack-H2,1,2,247.00,100.00,3.33,stored,80,2026-01-25T04:54:55.870Z
BOX-Rack-H2-L1-P3,Rack-H2,1,3,248.50,100.00,3.33,stored,70,2026-02-02T04:54:55.870Z
BOX-Rack-H2-L2-P1,Rack-H2,2,1,245.50,100.00,10.00,stored,69,2026-02-16T04:54:55.870Z
BOX-Rack-H2-L2-P2,Rack-H2,2,2,247.00,100.00,10.00,stored,68,2026-01-27T04:54:55.870Z
BOX-Rack-H2-L2-P3,Rack-H2,2,3,248.50,100.00,10.00,stored,79,2026-02-03T04:54:55.870Z
BOX-Rack-H2-L3-P1,Rack-H2,3,1,245.50,100.00,16.67,stored,68,2026-01-31T04:54:55.870Z
BOX-Rack-H2-L3-P2,Rack-H2,3,2,247.00,100.00,16.67,stored,82,2026-02-07T04:54:55.870Z
BOX-Rack-H2-L3-P3,Rack-H2,3,3,248.50,100.00,16.67,stored,71,2026-02-19T04:54:55.870Z
BOX-Rack-H3-L1-P1,Rack-H3,1,1,245.50,115.00,3.33,stored,62,2026-02-15T04:54:55.870Z
BOX-Rack-H3-L1-P2,Rack-H3,1,2,247.00,115.00,3.33,stored,88,2026-01-24T04:54:55.870Z
BOX-Rack-H3-L1-P3,Rack-H3,1,3,248.50,115.00,3.33,stored,82,2026-02-06T04:54:55.870Z
BOX-Rack-H3-L2-P1,Rack-H3,2,1,245.50,115.00,10.00,stored,82,2026-02-12T04:54:55.870Z
BOX-Rack-H3-L2-P2,Rack-H3,2,2,247.00,115.00,10.00,stored,74,2026-02-09T04:54:55.870Z
BOX-Rack-H3-L2-P3,Rack-H3,2,3,248.50,115.00,10.00,stored,69,2026-02-12T04:54:55.870Z
BOX-Rack-H3-L3-P1,Rack-H3,3,1,245.50,115.00,16.67,stored,85,2026-02-03T04:54:55.870Z
BOX-Rack-H3-L3-P2,Rack-H3,3,2,247.00,115.00,16.67,stored,73,2026-02-13T04:54:55.870Z
BOX-Rack-H3-L3-P3,Rack-H3,3,3,248.50,115.00,16.67,stored,65,2026-01-23T04:54:55.870Z
BOX-Rack-H4-L1-P1,Rack-H4,1,1,245.50,130.00,3.33,stored,65,2026-02-08T04:54:55.870Z
BOX-Rack-H4-L1-P2,Rack-H4,1,2,247.00,130.00,3.33,stored,82,2026-02-08T04:54:55.870Z
BOX-Rack-H4-L1-P3,Rack-H4,1,3,248.50,130.00,3.33,stored,70,2026-01-28T04:54:55.870Z
BOX-Rack-H4-L2-P1,Rack-H4,2,1,245.50,130.00,10.00,stored,78,2026-02-04T04:54:55.870Z
BOX-Rack-H4-L2-P2,Rack-H4,2,2,247.00,130.00,10.00,stored,74,2026-01-28T04:54:55.870Z
BOX-Rack-H4-L2-P3,Rack-H4,2,3,248.50,130.00,10.00,stored,85,2026-02-07T04:54:55.870Z
BOX-Rack-H4-L3-P1,Rack-H4,3,1,245.50,130.00,16.67,stored,61,2026-02-05T04:54:55.870Z
BOX-Rack-H4-L3-P2,Rack-H4,3,2,247.00,130.00,16.67,stored,68,2026-02-04T04:54:55.870Z
BOX-Rack-H4-L3-P3,Rack-H4,3,3,248.50,130.00,16.67,stored,76,2026-01-26T04:54:55.870Z
BOX-Rack-H5-L1-P1,Rack-H5,1,1,245.50,145.00,3.33,stored,72,2026-02-02T04:54:55.870Z
BOX-Rack-H5-L1-P2,Rack-H5,1,2,247.00,145.00,3.33,stored,71,2026-01-27T04:54:55.870Z
BOX-Rack-H5-L1-P3,Rack-H5,1,3,248.50,145.00,3.33,stored,66,2026-02-17T04:54:55.870Z
BOX-Rack-H5-L2-P1,Rack-H5,2,1,245.50,145.00,10.00,stored,89,2026-02-04T04:54:55.870Z
BOX-Rack-H5-L2-P2,Rack-H5,2,2,247.00,145.00,10.00,stored,60,2026-02-09T04:54:55.870Z
BOX-Rack-H5-L2-P3,Rack-H5,2,3,248.50,145.00,10.00,stored,73,2026-02-12T04:54:55.870Z
BOX-Rack-H5-L3-P1,Rack-H5,3,1,245.50,145.00,16.67,stored,85,2026-01-24T04:54:55.870Z
BOX-Rack-H5-L3-P2,Rack-H5,3,2,247.00,145.00,16.67,stored,67,2026-01-30T04:54:55.870Z
BOX-Rack-H5-L3-P3,Rack-H5,3,3,248.50,145.00,16.67,stored,83,2026-02-12T04:54:55.870Z
BOX-Rack-H6-L1-P1,Rack-H6,1,1,245.50,160.00,3.33,stored,86,2026-01-30T04:54:55.870Z
BOX-Rack-H6-L1-P2,Rack-H6,1,2,247.00,160.00,3.33,stored,79,2026-02-07T04:54:55.870Z
BOX-Rack-H6-L1-P3,Rack-H6,1,3,248.50,160.00,3.33,stored,64,2026-02-09T04:54:55.870Z
BOX-Rack-H6-L2-P1,Rack-H6,2,1,245.50,160.00,10.00,stored,78,2026-02-12T04:54:55.870Z
BOX-Rack-H6-L2-P2,Rack-H6,2,2,247.00,160.00,10.00,stored,75,2026-01-28T04:54:55.870Z
BOX-Rack-H6-L2-P3,Rack-H6,2,3,248.50,160.00,10.00,stored,89,2026-02-19T04:54:55.870Z
BOX-Rack-H6-L3-P1,Rack-H6,3,1,245.50,160.00,16.67,stored,61,2026-02-08T04:54:55.870Z
BOX-Rack-H6-L3-P2,Rack-H6,3,2,247.00,160.00,16.67,stored,88,2026-01-25T04:54:55.870Z
BOX-Rack-H6-L3-P3,Rack-H6,3,3,248.50,160.00,16.67,stored,85,2026-01-22T04:54:55.870Z
BOX-Rack-I1-L1-P1,Rack-I1,1,1,265.50,85.00,3.33,stored,87,2026-02-03T04:54:55.870Z
BOX-Rack-I1-L1-P2,Rack-I1,1,2,267.00,85.00,3.33,stored,75,2026-02-05T04:54:55.870Z
BOX-Rack-I1-L1-P3,Rack-I1,1,3,268.50,85.00,3.33,stored,89,2026-01-21T04:54:55.870Z
BOX-Rack-I1-L2-P1,Rack-I1,2,1,265.50,85.00,10.00,stored,83,2026-02-19T04:54:55.870Z
BOX-Rack-I1-L2-P2,Rack-I1,2,2,267.00,85.00,10.00,stored,60,2026-02-03T04:54:55.870Z
BOX-Rack-I1-L2-P3,Rack-I1,2,3,268.50,85.00,10.00,stored,73,2026-02-06T04:54:55.870Z
BOX-Rack-I1-L3-P1,Rack-I1,3,1,265.50,85.00,16.67,stored,74,2026-02-09T04:54:55.870Z
BOX-Rack-I1-L3-P2,Rack-I1,3,2,267.00,85.00,16.67,stored,66,2026-01-29T04:54:55.870Z
BOX-Rack-I1-L3-P3,Rack-I1,3,3,268.50,85.00,16.67,stored,67,2026-01-24T04:54:55.870Z
BOX-Rack-I2-L1-P1,Rack-I2,1,1,265.50,100.00,3.33,stored,73,2026-02-15T04:54:55.870Z
BOX-Rack-I2-L1-P2,Rack-I2,1,2,267.00,100.00,3.33,stored,74,2026-02-04T04:54:55.870Z
BOX-Rack-I2-L1-P3,Rack-I2,1,3,268.50,100.00,3.33,stored,72,2026-02-09T04:54:55.870Z
BOX-Rack-I2-L2-P1,Rack-I2,2,1,265.50,100.00,10.00,stored,86,2026-02-03T04:54:55.870Z
BOX-Rack-I2-L2-P2,Rack-I2,2,2,267.00,100.00,10.00,stored,69,2026-01-25T04:54:55.870Z
BOX-Rack-I2-L2-P3,Rack-I2,2,3,268.50,100.00,10.00,stored,68,2026-02-07T04:54:55.870Z
BOX-Rack-I2-L3-P1,Rack-I2,3,1,265.50,100.00,16.67,stored,67,2026-02-05T04:54:55.870Z
BOX-Rack-I2-L3-P2,Rack-I2,3,2,267.00,100.00,16.67,stored,73,2026-02-17T04:54:55.870Z
BOX-Rack-I2-L3-P3,Rack-I2,3,3,268.50,100.00,16.67,stored,61,2026-01-30T04:54:55.870Z
BOX-Rack-I3-L1-P1,Rack-I3,1,1,265.50,115.00,3.33,stored,82,2026-02-08T04:54:55.870Z
BOX-Rack-I3-L1-P2,Rack-I3,1,2,267.00,115.00,3.33,stored,66,2026-02-02T04:54:55.870Z
BOX-Rack-I3-L1-P3,Rack-I3,1,3,268.50,115.00,3.33,stored,82,2026-01-28T04:54:55.870Z
BOX-Rack-I3-L2-P1,Rack-I3,2,1,265.50,115.00,10.00,stored,78,2026-01-22T04:54:55.870Z
BOX-Rack-I3-L2-P2,Rack-I3,2,2,267.00,115.00,10.00,stored,77,2026-01-25T04:54:55.870Z
BOX-Rack-I3-L2-P3,Rack-I3,2,3,268.50,115.00,10.00,stored,82,2026-01-21T04:54:55.870Z
BOX-Rack-I3-L3-P1,Rack-I3,3,1,265.50,115.00,16.67,stored,80,2026-01-25T04:54:55.870Z
BOX-Rack-I3-L3-P2,Rack-I3,3,2,267.00,115.00,16.67,stored,61,2026-01-25T04:54:55.870Z
BOX-Rack-I3-L3-P3,Rack-I3,3,3,268.50,115.00,16.67,stored,67,2026-02-05T04:54:55.870Z
BOX-Rack-I4-L1-P1,Rack-I4,1,1,265.50,130.00,3.33,stored,79,2026-01-29T04:54:55.870Z
BOX-Rack-I4-L1-P2,Rack-I4,1,2,267.00,130.00,3.33,stored,74,2026-02-11T04:54:55.870Z
BOX-Rack-I4-L1-P3,Rack-I4,1,3,268.50,130.00,3.33,stored,65,2026-02-15T04:54:55.870Z
BOX-Rack-I4-L2-P1,Rack-I4,2,1,265.50,130.00,10.00,stored,67,2026-01-23T04:54:55.870Z
BOX-Rack-I4-L2-P2,Rack-I4,2,2,267.00,130.00,10.00,stored,64,2026-01-29T04:54:55.870Z
BOX-Rack-I4-L2-P3,Rack-I4,2,3,268.50,130.00,10.00,stored,69,2026-02-03T04:54:55.870Z
BOX-Rack-I4-L3-P1,Rack-I4,3,1,265.50,130.00,16.67,stored,74,2026-01-23T04:54:55.870Z
BOX-Rack-I4-L3-P2,Rack-I4,3,2,267.00,130.00,16.67,stored,89,2026-02-13T04:54:55.870Z
BOX-Rack-I4-L3-P3,Rack-I4,3,3,268.50,130.00,16.67,stored,87,2026-01-21T04:54:55.870Z
BOX-Rack-I5-L1-P1,Rack-I5,1,1,265.50,145.00,3.33,stored,65,2026-02-09T04:54:55.870Z
BOX-Rack-I5-L1-P2,Rack-I5,1,2,267.00,145.00,3.33,stored,60,2026-02-04T04:54:55.870Z
BOX-Rack-I5-L1-P3,Rack-I5,1,3,268.50,145.00,3.33,stored,72,2026-02-12T04:54:55.870Z
BOX-Rack-I5-L2-P1,Rack-I5,2,1,265.50,145.00,10.00,stored,62,2026-01-22T04:54:55.870Z
BOX-Rack-I5-L2-P2,Rack-I5,2,2,267.00,145.00,10.00,stored,68,2026-01-30T04:54:55.870Z
BOX-Rack-I5-L2-P3,Rack-I5,2,3,268.50,145.00,10.00,stored,89,2026-01-29T04:54:55.870Z
BOX-Rack-I5-L3-P1,Rack-I5,3,1,265.50,145.00,16.67,stored,84,2026-02-06T04:54:55.870Z
BOX-Rack-I5-L3-P2,Rack-I5,3,2,267.00,145.00,16.67,stored,79,2026-01-21T04:54:55.870Z
BOX-Rack-I5-L3-P3,Rack-I5,3,3,268.50,145.00,16.67,stored,85,2026-02-03T04:54:55.870Z
BOX-Rack-I6-L1-P1,Rack-I6,1,1,265.50,160.00,3.33,stored,80,2026-01-30T04:54:55.870Z
BOX-Rack-I6-L1-P2,Rack-I6,1,2,267.00,160.00,3.33,stored,63,2026-01-23T04:54:55.870Z
BOX-Rack-I6-L1-P3,Rack-I6,1,3,268.50,160.00,3.33,stored,60,2026-01-31T04:54:55.870Z
BOX-Rack-I6-L2-P1,Rack-I6,2,1,265.50,160.00,10.00,stored,79,2026-01-28T04:54:55.870Z
BOX-Rack-I6-L2-P2,Rack-I6,2,2,267.00,160.00,10.00,stored,61,2026-01-21T04:54:55.870Z
BOX-Rack-I6-L2-P3,Rack-I6,2,3,268.50,160.00,10.00,stored,72,2026-02-18T04:54:55.870Z
BOX-Rack-I6-L3-P1,Rack-I6,3,1,265.50,160.00,16.67,stored,78,2026-02-07T04:54:55.870Z
BOX-Rack-I6-L3-P2,Rack-I6,3,2,267.00,160.00,16.67,stored,69,2026-01-24T04:54:55.870Z
BOX-Rack-I6-L3-P3,Rack-I6,3,3,268.50,160.00,16.67,stored,83,2026-02-08T04:54:55.870Z
BOX-Rack-J1-L1-P1,Rack-J1,1,1,273.50,85.00,3.33,stored,61,2026-01-28T04:54:55.870Z
BOX-Rack-J1-L1-P2,Rack-J1,1,2,275.00,85.00,3.33,stored,76,2026-02-17T04:54:55.870Z
BOX-Rack-J1-L1-P3,Rack-J1,1,3,276.50,85.00,3.33,stored,61,2026-02-15T04:54:55.870Z
BOX-Rack-J1-L2-P1,Rack-J1,2,1,273.50,85.00,10.00,stored,67,2026-02-16T04:54:55.870Z
BOX-Rack-J1-L2-P2,Rack-J1,2,2,275.00,85.00,10.00,stored,64,2026-02-16T04:54:55.870Z
BOX-Rack-J1-L2-P3,Rack-J1,2,3,276.50,85.00,10.00,stored,81,2026-02-10T04:54:55.870Z
BOX-Rack-J1-L3-P1,Rack-J1,3,1,273.50,85.00,16.67,stored,68,2026-01-30T04:54:55.870Z
BOX-Rack-J1-L3-P2,Rack-J1,3,2,275.00,85.00,16.67,stored,60,2026-02-09T04:54:55.870Z
BOX-Rack-J1-L3-P3,Rack-J1,3,3,276.50,85.00,16.67,stored,79,2026-01-23T04:54:55.870Z
BOX-Rack-J2-L1-P1,Rack-J2,1,1,273.50,100.00,3.33,stored,78,2026-01-23T04:54:55.870Z
BOX-Rack-J2-L1-P2,Rack-J2,1,2,275.00,100.00,3.33,stored,60,2026-02-12T04:54:55.870Z
BOX-Rack-J2-L1-P3,Rack-J2,1,3,276.50,100.00,3.33,stored,70,2026-02-14T04:54:55.870Z
BOX-Rack-J2-L2-P1,Rack-J2,2,1,273.50,100.00,10.00,stored,61,2026-01-30T04:54:55.870Z
BOX-Rack-J2-L2-P2,Rack-J2,2,2,275.00,100.00,10.00,stored,60,2026-02-08T04:54:55.870Z
BOX-Rack-J2-L2-P3,Rack-J2,2,3,276.50,100.00,10.00,stored,86,2026-01-27T04:54:55.870Z
BOX-Rack-J2-L3-P1,Rack-J2,3,1,273.50,100.00,16.67,stored,61,2026-02-18T04:54:55.870Z
BOX-Rack-J2-L3-P2,Rack-J2,3,2,275.00,100.00,16.67,stored,82,2026-02-07T04:54:55.870Z
BOX-Rack-J2-L3-P3,Rack-J2,3,3,276.50,100.00,16.67,stored,61,2026-02-14T04:54:55.870Z
BOX-Rack-J3-L1-P1,Rack-J3,1,1,273.50,115.00,3.33,stored,67,2026-02-05T04:54:55.870Z
BOX-Rack-J3-L1-P2,Rack-J3,1,2,275.00,115.00,3.33,stored,66,2026-02-05T04:54:55.870Z
BOX-Rack-J3-L1-P3,Rack-J3,1,3,276.50,115.00,3.33,stored,60,2026-02-07T04:54:55.870Z
BOX-Rack-J3-L2-P1,Rack-J3,2,1,273.50,115.00,10.00,stored,60,2026-01-25T04:54:55.870Z
BOX-Rack-J3-L2-P2,Rack-J3,2,2,275.00,115.00,10.00,stored,81,2026-02-02T04:54:55.870Z
BOX-Rack-J3-L2-P3,Rack-J3,2,3,276.50,115.00,10.00,stored,78,2026-02-11T04:54:55.870Z
BOX-Rack-J3-L3-P1,Rack-J3,3,1,273.50,115.00,16.67,stored,72,2026-02-16T04:54:55.870Z
BOX-Rack-J3-L3-P2,Rack-J3,3,2,275.00,115.00,16.67,stored,87,2026-02-07T04:54:55.870Z
BOX-Rack-J3-L3-P3,Rack-J3,3,3,276.50,115.00,16.67,stored,62,2026-02-12T04:54:55.870Z
BOX-Rack-J4-L1-P1,Rack-J4,1,1,273.50,130.00,3.33,stored,68,2026-02-10T04:54:55.870Z
BOX-Rack-J4-L1-P2,Rack-J4,1,2,275.00,130.00,3.33,stored,84,2026-02-03T04:54:55.870Z
BOX-Rack-J4-L1-P3,Rack-J4,1,3,276.50,130.00,3.33,stored,68,2026-02-05T04:54:55.870Z
BOX-Rack-J4-L2-P1,Rack-J4,2,1,273.50,130.00,10.00,stored,63,2026-02-07T04:54:55.870Z
BOX-Rack-J4-L2-P2,Rack-J4,2,2,275.00,130.00,10.00,stored,87,2026-02-17T04:54:55.871Z
BOX-Rack-J4-L2-P3,Rack-J4,2,3,276.50,130.00,10.00,stored,78,2026-01-27T04:54:55.871Z
BOX-Rack-J4-L3-P1,Rack-J4,3,1,273.50,130.00,16.67,stored,74,2026-02-14T04:54:55.871Z
BOX-Rack-J4-L3-P2,Rack-J4,3,2,275.00,130.00,16.67,stored,82,2026-02-07T04:54:55.871Z
BOX-Rack-J4-L3-P3,Rack-J4,3,3,276.50,130.00,16.67,stored,64,2026-02-04T04:54:55.871Z
BOX-Rack-J5-L1-P1,Rack-J5,1,1,273.50,145.00,3.33,stored,62,2026-02-03T04:54:55.871Z
BOX-Rack-J5-L1-P2,Rack-J5,1,2,275.00,145.00,3.33,stored,87,2026-01-26T04:54:55.871Z
BOX-Rack-J5-L1-P3,Rack-J5,1,3,276.50,145.00,3.33,stored,81,2026-02-04T04:54:55.871Z
BOX-Rack-J5-L2-P1,Rack-J5,2,1,273.50,145.00,10.00,stored,65,2026-01-29T04:54:55.871Z
BOX-Rack-J5-L2-P2,Rack-J5,2,2,275.00,145.00,10.00,stored,72,2026-02-08T04:54:55.871Z
BOX-Rack-J5-L2-P3,Rack-J5,2,3,276.50,145.00,10.00,stored,84,2026-02-16T04:54:55.871Z
BOX-Rack-J5-L3-P1,Rack-J5,3,1,273.50,145.00,16.67,stored,85,2026-02-16T04:54:55.871Z
BOX-Rack-J5-L3-P2,Rack-J5,3,2,275.00,145.00,16.67,stored,61,2026-01-22T04:54:55.871Z
BOX-Rack-J5-L3-P3,Rack-J5,3,3,276.50,145.00,16.67,stored,78,2026-02-06T04:54:55.871Z
BOX-Rack-J6-L1-P1,Rack-J6,1,1,273.50,160.00,3.33,stored,79,2026-02-02T04:54:55.871Z
BOX-Rack-J6-L1-P2,Rack-J6,1,2,275.00,160.00,3.33,stored,78,2026-01-27T04:54:55.871Z
BOX-Rack-J6-L1-P3,Rack-J6,1,3,276.50,160.00,3.33,stored,70,2026-01-22T04:54:55.871Z
BOX-Rack-J6-L2-P1,Rack-J6,2,1,273.50,160.00,10.00,stored,68,2026-01-27T04:54:55.871Z
BOX-Rack-J6-L2-P2,Rack-J6,2,2,275.00,160.00,10.00,stored,73,2026-01-28T04:54:55.871Z
BOX-Rack-J6-L2-P3,Rack-J6,2,3,276.50,160.00,10.00,stored,75,2026-02-02T04:54:55.871Z
BOX-Rack-J6-L3-P1,Rack-J6,3,1,273.50,160.00,16.67,stored,80,2026-02-15T04:54:55.871Z
BOX-Rack-J6-L3-P2,Rack-J6,3,2,275.00,160.00,16.67,stored,89,2026-02-03T04:54:55.871Z
BOX-Rack-J6-L3-P3,Rack-J6,3,3,276.50,160.00,16.67,stored,89,2026-01-22T04:54:55.871Z
BOX-Rack-H1-B-L1-P1,Rack-H1-B,1,1,293.50,85.00,3.33,stored,62,2026-02-10T04:54:55.871Z
BOX-Rack-H1-B-L1-P2,Rack-H1-B,1,2,295.00,85.00,3.33,stored,70,2026-02-19T04:54:55.871Z
BOX-Rack-H1-B-L1-P3,Rack-H1-B,1,3,296.50,85.00,3.33,stored,62,2026-02-13T04:54:55.871Z
BOX-Rack-H1-B-L2-P1,Rack-H1-B,2,1,293.50,85.00,10.00,stored,75,2026-02-07T04:54:55.871Z
BOX-Rack-H1-B-L2-P2,Rack-H1-B,2,2,295.00,85.00,10.00,stored,89,2026-02-05T04:54:55.871Z
BOX-Rack-H1-B-L2-P3,Rack-H1-B,2,3,296.50,85.00,10.00,stored,73,2026-02-02T04:54:55.871Z
BOX-Rack-H1-B-L3-P1,Rack-H1-B,3,1,293.50,85.00,16.67,stored,69,2026-01-28T04:54:55.871Z
BOX-Rack-H1-B-L3-P2,Rack-H1-B,3,2,295.00,85.00,16.67,stored,74,2026-02-18T04:54:55.871Z
BOX-Rack-H1-B-L3-P3,Rack-H1-B,3,3,296.50,85.00,16.67,stored,60,2026-01-21T04:54:55.871Z
BOX-Rack-H2-B-L1-P1,Rack-H2-B,1,1,293.50,100.00,3.33,stored,75,2026-01-28T04:54:55.871Z
BOX-Rack-H2-B-L1-P2,Rack-H2-B,1,2,295.00,100.00,3.33,stored,85,2026-01-25T04:54:55.871Z
BOX-Rack-H2-B-L1-P3,Rack-H2-B,1,3,296.50,100.00,3.33,stored,86,2026-01-24T04:54:55.871Z
BOX-Rack-H2-B-L2-P1,Rack-H2-B,2,1,293.50,100.00,10.00,stored,63,2026-01-23T04:54:55.871Z
BOX-Rack-H2-B-L2-P2,Rack-H2-B,2,2,295.00,100.00,10.00,stored,86,2026-01-22T04:54:55.871Z
BOX-Rack-H2-B-L2-P3,Rack-H2-B,2,3,296.50,100.00,10.00,stored,73,2026-02-14T04:54:55.871Z
BOX-Rack-H2-B-L3-P1,Rack-H2-B,3,1,293.50,100.00,16.67,stored,82,2026-02-17T04:54:55.871Z
BOX-Rack-H2-B-L3-P2,Rack-H2-B,3,2,295.00,100.00,16.67,stored,82,2026-02-09T04:54:55.871Z
BOX-Rack-H2-B-L3-P3,Rack-H2-B,3,3,296.50,100.00,16.67,stored,89,2026-02-17T04:54:55.871Z
BOX-Rack-H3-B-L1-P1,Rack-H3-B,1,1,293.50,115.00,3.33,stored,82,2026-02-14T04:54:55.871Z
BOX-Rack-H3-B-L1-P2,Rack-H3-B,1,2,295.00,115.00,3.33,stored,68,2026-02-02T04:54:55.871Z
BOX-Rack-H3-B-L1-P3,Rack-H3-B,1,3,296.50,115.00,3.33,stored,88,2026-02-07T04:54:55.871Z
BOX-Rack-H3-B-L2-P1,Rack-H3-B,2,1,293.50,115.00,10.00,stored,62,2026-02-11T04:54:55.871Z
BOX-Rack-H3-B-L2-P2,Rack-H3-B,2,2,295.00,115.00,10.00,stored,87,2026-01-26T04:54:55.871Z
BOX-Rack-H3-B-L2-P3,Rack-H3-B,2,3,296.50,115.00,10.00,stored,86,2026-02-03T04:54:55.871Z
BOX-Rack-H3-B-L3-P1,Rack-H3-B,3,1,293.50,115.00,16.67,stored,82,2026-02-18T04:54:55.871Z
BOX-Rack-H3-B-L3-P2,Rack-H3-B,3,2,295.00,115.00,16.67,stored,82,2026-02-04T04:54:55.871Z
BOX-Rack-H3-B-L3-P3,Rack-H3-B,3,3,296.50,115.00,16.67,stored,67,2026-02-13T04:54:55.871Z
BOX-Rack-H4-B-L1-P1,Rack-H4-B,1,1,293.50,130.00,3.33,stored,70,2026-01-22T04:54:55.871Z
BOX-Rack-H4-B-L1-P2,Rack-H4-B,1,2,295.00,130.00,3.33,stored,83,2026-02-10T04:54:55.871Z
BOX-Rack-H4-B-L1-P3,Rack-H4-B,1,3,296.50,130.00,3.33,stored,86,2026-02-11T04:54:55.871Z
BOX-Rack-H4-B-L2-P1,Rack-H4-B,2,1,293.50,130.00,10.00,stored,81,2026-02-02T04:54:55.871Z
BOX-Rack-H4-B-L2-P2,Rack-H4-B,2,2,295.00,130.00,10.00,stored,62,2026-02-07T04:54:55.871Z
BOX-Rack-H4-B-L2-P3,Rack-H4-B,2,3,296.50,130.00,10.00,stored,82,2026-02-16T04:54:55.871Z
BOX-Rack-H4-B-L3-P1,Rack-H4-B,3,1,293.50,130.00,16.67,stored,69,2026-02-14T04:54:55.871Z
BOX-Rack-H4-B-L3-P2,Rack-H4-B,3,2,295.00,130.00,16.67,stored,73,2026-02-07T04:54:55.871Z
BOX-Rack-H4-B-L3-P3,Rack-H4-B,3,3,296.50,130.00,16.67,stored,89,2026-02-11T04:54:55.871Z
BOX-Rack-H5-B-L1-P1,Rack-H5-B,1,1,293.50,145.00,3.33,stored,78,2026-02-19T04:54:55.871Z
BOX-Rack-H5-B-L1-P2,Rack-H5-B,1,2,295.00,145.00,3.33,stored,87,2026-01-28T04:54:55.871Z
BOX-Rack-H5-B-L1-P3,Rack-H5-B,1,3,296.50,145.00,3.33,stored,61,2026-02-02T04:54:55.871Z
BOX-Rack-H5-B-L2-P1,Rack-H5-B,2,1,293.50,145.00,10.00,stored,62,2026-01-21T04:54:55.871Z
BOX-Rack-H5-B-L2-P2,Rack-H5-B,2,2,295.00,145.00,10.00,stored,66,2026-02-13T04:54:55.871Z
BOX-Rack-H5-B-L2-P3,Rack-H5-B,2,3,296.50,145.00,10.00,stored,65,2026-02-04T04:54:55.871Z
BOX-Rack-H5-B-L3-P1,Rack-H5-B,3,1,293.50,145.00,16.67,stored,87,2026-02-13T04:54:55.871Z
BOX-Rack-H5-B-L3-P2,Rack-H5-B,3,2,295.00,145.00,16.67,stored,85,2026-02-09T04:54:55.871Z
BOX-Rack-H5-B-L3-P3,Rack-H5-B,3,3,296.50,145.00,16.67,stored,82,2026-02-07T04:54:55.871Z
BOX-Rack-H6-B-L1-P1,Rack-H6-B,1,1,293.50,160.00,3.33,stored,83,2026-02-03T04:54:55.871Z
BOX-Rack-H6-B-L1-P2,Rack-H6-B,1,2,295.00,160.00,3.33,stored,75,2026-01-25T04:54:55.871Z
BOX-Rack-H6-B-L1-P3,Rack-H6-B,1,3,296.50,160.00,3.33,stored,88,2026-01-22T04:54:55.871Z
BOX-Rack-H6-B-L2-P1,Rack-H6-B,2,1,293.50,160.00,10.00,stored,79,2026-02-11T04:54:55.871Z
BOX-Rack-H6-B-L2-P2,Rack-H6-B,2,2,295.00,160.00,10.00,stored,88,2026-01-27T04:54:55.871Z
BOX-Rack-H6-B-L2-P3,Rack-H6-B,2,3,296.50,160.00,10.00,stored,80,2026-01-27T04:54:55.871Z
BOX-Rack-H6-B-L3-P1,Rack-H6-B,3,1,293.50,160.00,16.67,stored,72,2026-02-03T04:54:55.871Z
BOX-Rack-H6-B-L3-P2,Rack-H6-B,3,2,295.00,160.00,16.67,stored,66,2026-01-24T04:54:55.871Z
BOX-Rack-H6-B-L3-P3,Rack-H6-B,3,3,296.50,160.00,16.67,stored,64,2026-01-25T04:54:55.871Z
BOX-Rack-K1-L1-P1,Rack-K1,1,1,293.50,85.00,3.33,stored,77,2026-02-12T04:54:55.871Z
BOX-Rack-K1-L1-P2,Rack-K1,1,2,295.00,85.00,3.33,stored,87,2026-02-03T04:54:55.871Z
BOX-Rack-K1-L1-P3,Rack-K1,1,3,296.50,85.00,3.33,stored,69,2026-02-06T04:54:55.871Z
BOX-Rack-K1-L2-P1,Rack-K1,2,1,293.50,85.00,10.00,stored,61,2026-01-23T04:54:55.871Z
BOX-Rack-K1-L2-P2,Rack-K1,2,2,295.00,85.00,10.00,stored,72,2026-02-11T04:54:55.871Z
BOX-Rack-K1-L2-P3,Rack-K1,2,3,296.50,85.00,10.00,stored,75,2026-02-13T04:54:55.871Z
BOX-Rack-K1-L3-P1,Rack-K1,3,1,293.50,85.00,16.67,stored,73,2026-02-11T04:54:55.871Z
BOX-Rack-K1-L3-P2,Rack-K1,3,2,295.00,85.00,16.67,stored,72,2026-02-07T04:54:55.871Z
BOX-Rack-K1-L3-P3,Rack-K1,3,3,296.50,85.00,16.67,stored,84,2026-02-16T04:54:55.871Z
BOX-Rack-K2-L1-P1,Rack-K2,1,1,293.50,100.00,3.33,stored,79,2026-02-06T04:54:55.871Z
BOX-Rack-K2-L1-P2,Rack-K2,1,2,295.00,100.00,3.33,stored,66,2026-02-07T04:54:55.871Z
BOX-Rack-K2-L1-P3,Rack-K2,1,3,296.50,100.00,3.33,stored,71,2026-02-06T04:54:55.871Z
BOX-Rack-K2-L2-P1,Rack-K2,2,1,293.50,100.00,10.00,stored,63,2026-02-08T04:54:55.871Z
BOX-Rack-K2-L2-P2,Rack-K2,2,2,295.00,100.00,10.00,stored,86,2026-01-28T04:54:55.871Z
BOX-Rack-K2-L2-P3,Rack-K2,2,3,296.50,100.00,10.00,stored,78,2026-01-29T04:54:55.871Z
BOX-Rack-K2-L3-P1,Rack-K2,3,1,293.50,100.00,16.67,stored,70,2026-02-11T04:54:55.871Z
BOX-Rack-K2-L3-P2,Rack-K2,3,2,295.00,100.00,16.67,stored,72,2026-01-28T04:54:55.871Z
BOX-Rack-K2-L3-P3,Rack-K2,3,3,296.50,100.00,16.67,stored,78,2026-01-26T04:54:55.871Z
BOX-Rack-K3-L1-P1,Rack-K3,1,1,293.50,115.00,3.33,stored,78,2026-01-26T04:54:55.871Z
BOX-Rack-K3-L1-P2,Rack-K3,1,2,295.00,115.00,3.33,stored,80,2026-02-07T04:54:55.871Z
BOX-Rack-K3-L1-P3,Rack-K3,1,3,296.50,115.00,3.33,stored,88,2026-02-06T04:54:55.871Z
BOX-Rack-K3-L2-P1,Rack-K3,2,1,293.50,115.00,10.00,stored,76,2026-01-30T04:54:55.871Z
BOX-Rack-K3-L2-P2,Rack-K3,2,2,295.00,115.00,10.00,stored,70,2026-01-27T04:54:55.871Z
BOX-Rack-K3-L2-P3,Rack-K3,2,3,296.50,115.00,10.00,stored,83,2026-01-30T04:54:55.871Z
BOX-Rack-K3-L3-P1,Rack-K3,3,1,293.50,115.00,16.67,stored,79,2026-01-29T04:54:55.871Z
BOX-Rack-K3-L3-P2,Rack-K3,3,2,295.00,115.00,16.67,stored,69,2026-01-31T04:54:55.871Z
BOX-Rack-K3-L3-P3,Rack-K3,3,3,296.50,115.00,16.67,stored,80,2026-02-03T04:54:55.871Z
BOX-Rack-K4-L1-P1,Rack-K4,1,1,293.50,130.00,3.33,stored,65,2026-02-16T04:54:55.871Z
BOX-Rack-K4-L1-P2,Rack-K4,1,2,295.00,130.00,3.33,stored,67,2026-02-14T04:54:55.871Z
BOX-Rack-K4-L1-P3,Rack-K4,1,3,296.50,130.00,3.33,stored,85,2026-01-23T04:54:55.871Z
BOX-Rack-K4-L2-P1,Rack-K4,2,1,293.50,130.00,10.00,stored,77,2026-02-01T04:54:55.871Z
BOX-Rack-K4-L2-P2,Rack-K4,2,2,295.00,130.00,10.00,stored,73,2026-02-19T04:54:55.871Z
BOX-Rack-K4-L2-P3,Rack-K4,2,3,296.50,130.00,10.00,stored,69,2026-02-16T04:54:55.871Z
BOX-Rack-K4-L3-P1,Rack-K4,3,1,293.50,130.00,16.67,stored,65,2026-01-25T04:54:55.871Z
BOX-Rack-K4-L3-P2,Rack-K4,3,2,295.00,130.00,16.67,stored,86,2026-02-19T04:54:55.871Z
BOX-Rack-K4-L3-P3,Rack-K4,3,3,296.50,130.00,16.67,stored,82,2026-01-31T04:54:55.871Z
BOX-Rack-K5-L1-P1,Rack-K5,1,1,293.50,145.00,3.33,stored,73,2026-02-03T04:54:55.871Z
BOX-Rack-K5-L1-P2,Rack-K5,1,2,295.00,145.00,3.33,stored,75,2026-02-03T04:54:55.871Z
BOX-Rack-K5-L1-P3,Rack-K5,1,3,296.50,145.00,3.33,stored,61,2026-01-21T04:54:55.871Z
BOX-Rack-K5-L2-P1,Rack-K5,2,1,293.50,145.00,10.00,stored,82,2026-02-03T04:54:55.871Z
BOX-Rack-K5-L2-P2,Rack-K5,2,2,295.00,145.00,10.00,stored,75,2026-01-24T04:54:55.871Z
BOX-Rack-K5-L2-P3,Rack-K5,2,3,296.50,145.00,10.00,stored,88,2026-01-25T04:54:55.871Z
BOX-Rack-K5-L3-P1,Rack-K5,3,1,293.50,145.00,16.67,stored,75,2026-02-08T04:54:55.871Z
BOX-Rack-K5-L3-P2,Rack-K5,3,2,295.00,145.00,16.67,stored,78,2026-02-13T04:54:55.871Z
BOX-Rack-K5-L3-P3,Rack-K5,3,3,296.50,145.00,16.67,stored,63,2026-02-07T04:54:55.871Z
BOX-Rack-K6-L1-P1,Rack-K6,1,1,293.50,160.00,3.33,stored,83,2026-02-02T04:54:55.871Z
BOX-Rack-K6-L1-P2,Rack-K6,1,2,295.00,160.00,3.33,stored,66,2026-02-04T04:54:55.871Z
BOX-Rack-K6-L1-P3,Rack-K6,1,3,296.50,160.00,3.33,stored,84,2026-01-29T04:54:55.871Z
BOX-Rack-K6-L2-P1,Rack-K6,2,1,293.50,160.00,10.00,stored,63,2026-02-06T04:54:55.871Z
BOX-Rack-K6-L2-P2,Rack-K6,2,2,295.00,160.00,10.00,stored,72,2026-01-26T04:54:55.871Z
BOX-Rack-K6-L2-P3,Rack-K6,2,3,296.50,160.00,10.00,stored,87,2026-01-27T04:54:55.871Z
BOX-Rack-K6-L3-P1,Rack-K6,3,1,293.50,160.00,16.67,stored,89,2026-01-23T04:54:55.871Z
BOX-Rack-K6-L3-P2,Rack-K6,3,2,295.00,160.00,16.67,stored,65,2026-02-06T04:54:55.871Z
BOX-Rack-K6-L3-P3,Rack-K6,3,3,296.50,160.00,16.67,stored,66,2026-02-14T04:54:55.871Z
BOX-Rack-L1-L1-P1,Rack-L1,1,1,301.50,85.00,3.33,stored,75,2026-01-31T04:54:55.871Z
BOX-Rack-L1-L1-P2,Rack-L1,1,2,303.00,85.00,3.33,stored,60,2026-02-10T04:54:55.871Z
BOX-Rack-L1-L1-P3,Rack-L1,1,3,304.50,85.00,3.33,stored,68,2026-02-01T04:54:55.871Z
BOX-Rack-L1-L2-P1,Rack-L1,2,1,301.50,85.00,10.00,stored,60,2026-01-24T04:54:55.871Z
BOX-Rack-L1-L2-P2,Rack-L1,2,2,303.00,85.00,10.00,stored,82,2026-02-04T04:54:55.871Z
BOX-Rack-L1-L2-P3,Rack-L1,2,3,304.50,85.00,10.00,stored,89,2026-01-21T04:54:55.871Z
BOX-Rack-L1-L3-P1,Rack-L1,3,1,301.50,85.00,16.67,stored,86,2026-02-19T04:54:55.871Z
BOX-Rack-L1-L3-P2,Rack-L1,3,2,303.00,85.00,16.67,stored,89,2026-01-31T04:54:55.871Z
BOX-Rack-L1-L3-P3,Rack-L1,3,3,304.50,85.00,16.67,stored,67,2026-01-21T04:54:55.871Z
BOX-Rack-L2-L1-P1,Rack-L2,1,1,301.50,100.00,3.33,stored,82,2026-02-06T04:54:55.871Z
BOX-Rack-L2-L1-P2,Rack-L2,1,2,303.00,100.00,3.33,stored,75,2026-01-25T04:54:55.871Z
BOX-Rack-L2-L1-P3,Rack-L2,1,3,304.50,100.00,3.33,stored,60,2026-02-13T04:54:55.871Z
BOX-Rack-L2-L2-P1,Rack-L2,2,1,301.50,100.00,10.00,stored,80,2026-01-23T04:54:55.871Z
BOX-Rack-L2-L2-P2,Rack-L2,2,2,303.00,100.00,10.00,stored,81,2026-02-13T04:54:55.871Z
BOX-Rack-L2-L2-P3,Rack-L2,2,3,304.50,100.00,10.00,stored,69,2026-02-01T04:54:55.871Z
BOX-Rack-L2-L3-P1,Rack-L2,3,1,301.50,100.00,16.67,stored,77,2026-02-09T04:54:55.871Z
BOX-Rack-L2-L3-P2,Rack-L2,3,2,303.00,100.00,16.67,stored,61,2026-02-02T04:54:55.871Z
BOX-Rack-L2-L3-P3,Rack-L2,3,3,304.50,100.00,16.67,stored,75,2026-02-04T04:54:55.871Z
BOX-Rack-L3-L1-P1,Rack-L3,1,1,301.50,115.00,3.33,stored,72,2026-01-31T04:54:55.871Z
BOX-Rack-L3-L1-P2,Rack-L3,1,2,303.00,115.00,3.33,stored,83,2026-02-09T04:54:55.871Z
BOX-Rack-L3-L1-P3,Rack-L3,1,3,304.50,115.00,3.33,stored,68,2026-01-23T04:54:55.871Z
BOX-Rack-L3-L2-P1,Rack-L3,2,1,301.50,115.00,10.00,stored,83,2026-01-30T04:54:55.871Z
BOX-Rack-L3-L2-P2,Rack-L3,2,2,303.00,115.00,10.00,stored,61,2026-01-27T04:54:55.871Z
BOX-Rack-L3-L2-P3,Rack-L3,2,3,304.50,115.00,10.00,stored,62,2026-01-25T04:54:55.871Z
BOX-Rack-L3-L3-P1,Rack-L3,3,1,301.50,115.00,16.67,stored,69,2026-01-31T04:54:55.871Z
BOX-Rack-L3-L3-P2,Rack-L3,3,2,303.00,115.00,16.67,stored,81,2026-02-06T04:54:55.871Z
BOX-Rack-L3-L3-P3,Rack-L3,3,3,304.50,115.00,16.67,stored,88,2026-02-13T04:54:55.871Z
BOX-Rack-L4-L1-P1,Rack-L4,1,1,301.50,130.00,3.33,stored,66,2026-01-30T04:54:55.871Z
BOX-Rack-L4-L1-P2,Rack-L4,1,2,303.00,130.00,3.33,stored,72,2026-02-17T04:54:55.871Z
BOX-Rack-L4-L1-P3,Rack-L4,1,3,304.50,130.00,3.33,stored,67,2026-01-23T04:54:55.871Z
BOX-Rack-L4-L2-P1,Rack-L4,2,1,301.50,130.00,10.00,stored,68,2026-01-22T04:54:55.871Z
BOX-Rack-L4-L2-P2,Rack-L4,2,2,303.00,130.00,10.00,stored,68,2026-02-09T04:54:55.871Z
BOX-Rack-L4-L2-P3,Rack-L4,2,3,304.50,130.00,10.00,stored,70,2026-02-12T04:54:55.871Z
BOX-Rack-L4-L3-P1,Rack-L4,3,1,301.50,130.00,16.67,stored,75,2026-01-30T04:54:55.871Z
BOX-Rack-L4-L3-P2,Rack-L4,3,2,303.00,130.00,16.67,stored,65,2026-02-09T04:54:55.871Z
BOX-Rack-L4-L3-P3,Rack-L4,3,3,304.50,130.00,16.67,stored,83,2026-01-22T04:54:55.871Z
BOX-Rack-L5-L1-P1,Rack-L5,1,1,301.50,145.00,3.33,stored,69,2026-01-24T04:54:55.871Z
BOX-Rack-L5-L1-P2,Rack-L5,1,2,303.00,145.00,3.33,stored,85,2026-02-01T04:54:55.871Z
BOX-Rack-L5-L1-P3,Rack-L5,1,3,304.50,145.00,3.33,stored,63,2026-01-26T04:54:55.871Z
BOX-Rack-L5-L2-P1,Rack-L5,2,1,301.50,145.00,10.00,stored,64,2026-01-31T04:54:55.871Z
BOX-Rack-L5-L2-P2,Rack-L5,2,2,303.00,145.00,10.00,stored,78,2026-02-07T04:54:55.872Z
BOX-Rack-L5-L2-P3,Rack-L5,2,3,304.50,145.00,10.00,stored,75,2026-01-29T04:54:55.872Z
BOX-Rack-L5-L3-P1,Rack-L5,3,1,301.50,145.00,16.67,stored,70,2026-01-29T04:54:55.872Z
BOX-Rack-L5-L3-P2,Rack-L5,3,2,303.00,145.00,16.67,stored,74,2026-02-03T04:54:55.872Z
BOX-Rack-L5-L3-P3,Rack-L5,3,3,304.50,145.00,16.67,stored,84,2026-01-27T04:54:55.872Z
BOX-Rack-L6-L1-P1,Rack-L6,1,1,301.50,160.00,3.33,stored,69,2026-02-11T04:54:55.872Z
BOX-Rack-L6-L1-P2,Rack-L6,1,2,303.00,160.00,3.33,stored,88,2026-02-18T04:54:55.872Z
BOX-Rack-L6-L1-P3,Rack-L6,1,3,304.50,160.00,3.33,stored,64,2026-02-10T04:54:55.872Z
BOX-Rack-L6-L2-P1,Rack-L6,2,1,301.50,160.00,10.00,stored,66,2026-01-23T04:54:55.872Z
BOX-Rack-L6-L2-P2,Rack-L6,2,2,303.00,160.00,10.00,stored,76,2026-02-14T04:54:55.872Z
BOX-Rack-L6-L2-P3,Rack-L6,2,3,304.50,160.00,10.00,stored,87,2026-02-09T04:54:55.872Z
BOX-Rack-L6-L3-P1,Rack-L6,3,1,301.50,160.00,16.67,stored,89,2026-02-15T04:54:55.872Z
BOX-Rack-L6-L3-P2,Rack-L6,3,2,303.00,160.00,16.67,stored,69,2026-02-03T04:54:55.872Z
BOX-Rack-L6-L3-P3,Rack-L6,3,3,304.50,160.00,16.67,stored,74,2026-01-25T04:54:55.872Z
BOX-Rack-M1-L1-P1,Rack-M1,1,1,321.50,85.00,3.33,stored,67,2026-02-17T04:54:55.872Z
BOX-Rack-M1-L1-P2,Rack-M1,1,2,323.00,85.00,3.33,stored,75,2026-02-10T04:54:55.872Z
BOX-Rack-M1-L1-P3,Rack-M1,1,3,324.50,85.00,3.33,stored,81,2026-01-29T04:54:55.872Z
BOX-Rack-M1-L2-P1,Rack-M1,2,1,321.50,85.00,10.00,stored,61,2026-01-29T04:54:55.872Z
BOX-Rack-M1-L2-P2,Rack-M1,2,2,323.00,85.00,10.00,stored,64,2026-02-17T04:54:55.872Z
BOX-Rack-M1-L2-P3,Rack-M1,2,3,324.50,85.00,10.00,stored,60,2026-01-30T04:54:55.872Z
BOX-Rack-M1-L3-P1,Rack-M1,3,1,321.50,85.00,16.67,stored,63,2026-02-03T04:54:55.872Z
BOX-Rack-M1-L3-P2,Rack-M1,3,2,323.00,85.00,16.67,stored,67,2026-02-02T04:54:55.872Z
BOX-Rack-M1-L3-P3,Rack-M1,3,3,324.50,85.00,16.67,stored,79,2026-02-05T04:54:55.872Z
BOX-Rack-M2-L1-P1,Rack-M2,1,1,321.50,100.00,3.33,stored,85,2026-02-18T04:54:55.872Z
BOX-Rack-M2-L1-P2,Rack-M2,1,2,323.00,100.00,3.33,stored,69,2026-01-26T04:54:55.872Z
BOX-Rack-M2-L1-P3,Rack-M2,1,3,324.50,100.00,3.33,stored,88,2026-02-01T04:54:55.872Z
BOX-Rack-M2-L2-P1,Rack-M2,2,1,321.50,100.00,10.00,stored,83,2026-01-30T04:54:55.872Z
BOX-Rack-M2-L2-P2,Rack-M2,2,2,323.00,100.00,10.00,stored,83,2026-01-31T04:54:55.872Z
BOX-Rack-M2-L2-P3,Rack-M2,2,3,324.50,100.00,10.00,stored,61,2026-02-11T04:54:55.872Z
BOX-Rack-M2-L3-P1,Rack-M2,3,1,321.50,100.00,16.67,stored,87,2026-01-27T04:54:55.872Z
BOX-Rack-M2-L3-P2,Rack-M2,3,2,323.00,100.00,16.67,stored,72,2026-02-19T04:54:55.872Z
BOX-Rack-M2-L3-P3,Rack-M2,3,3,324.50,100.00,16.67,stored,87,2026-02-01T04:54:55.872Z
BOX-Rack-M3-L1-P1,Rack-M3,1,1,321.50,115.00,3.33,stored,77,2026-02-03T04:54:55.872Z
BOX-Rack-M3-L1-P2,Rack-M3,1,2,323.00,115.00,3.33,stored,75,2026-02-06T04:54:55.872Z
BOX-Rack-M3-L1-P3,Rack-M3,1,3,324.50,115.00,3.33,stored,78,2026-01-25T04:54:55.872Z
BOX-Rack-M3-L2-P1,Rack-M3,2,1,321.50,115.00,10.00,stored,66,2026-01-25T04:54:55.872Z
BOX-Rack-M3-L2-P2,Rack-M3,2,2,323.00,115.00,10.00,stored,85,2026-02-17T04:54:55.872Z
BOX-Rack-M3-L2-P3,Rack-M3,2,3,324.50,115.00,10.00,stored,75,2026-01-27T04:54:55.872Z
BOX-Rack-M3-L3-P1,Rack-M3,3,1,321.50,115.00,16.67,stored,72,2026-02-01T04:54:55.872Z
BOX-Rack-M3-L3-P2,Rack-M3,3,2,323.00,115.00,16.67,stored,61,2026-01-26T04:54:55.872Z
BOX-Rack-M3-L3-P3,Rack-M3,3,3,324.50,115.00,16.67,stored,73,2026-02-02T04:54:55.872Z
BOX-Rack-M4-L1-P1,Rack-M4,1,1,321.50,130.00,3.33,stored,76,2026-01-27T04:54:55.872Z
BOX-Rack-M4-L1-P2,Rack-M4,1,2,323.00,130.00,3.33,stored,61,2026-01-28T04:54:55.872Z
BOX-Rack-M4-L1-P3,Rack-M4,1,3,324.50,130.00,3.33,stored,82,2026-02-15T04:54:55.872Z
BOX-Rack-M4-L2-P1,Rack-M4,2,1,321.50,130.00,10.00,stored,74,2026-02-01T04:54:55.872Z
BOX-Rack-M4-L2-P2,Rack-M4,2,2,323.00,130.00,10.00,stored,86,2026-02-07T04:54:55.872Z
BOX-Rack-M4-L2-P3,Rack-M4,2,3,324.50,130.00,10.00,stored,87,2026-01-23T04:54:55.872Z
BOX-Rack-M4-L3-P1,Rack-M4,3,1,321.50,130.00,16.67,stored,73,2026-01-30T04:54:55.872Z
BOX-Rack-M4-L3-P2,Rack-M4,3,2,323.00,130.00,16.67,stored,74,2026-02-12T04:54:55.872Z
BOX-Rack-M4-L3-P3,Rack-M4,3,3,324.50,130.00,16.67,stored,85,2026-02-04T04:54:55.872Z
BOX-Rack-M5-L1-P1,Rack-M5,1,1,321.50,145.00,3.33,stored,88,2026-02-10T04:54:55.872Z
BOX-Rack-M5-L1-P2,Rack-M5,1,2,323.00,145.00,3.33,stored,82,2026-01-24T04:54:55.872Z
BOX-Rack-M5-L1-P3,Rack-M5,1,3,324.50,145.00,3.33,stored,73,2026-01-27T04:54:55.872Z
BOX-Rack-M5-L2-P1,Rack-M5,2,1,321.50,145.00,10.00,stored,84,2026-02-16T04:54:55.872Z
BOX-Rack-M5-L2-P2,Rack-M5,2,2,323.00,145.00,10.00,stored,68,2026-02-04T04:54:55.872Z
BOX-Rack-M5-L2-P3,Rack-M5,2,3,324.50,145.00,10.00,stored,64,2026-02-16T04:54:55.872Z
BOX-Rack-M5-L3-P1,Rack-M5,3,1,321.50,145.00,16.67,stored,81,2026-01-25T04:54:55.872Z
BOX-Rack-M5-L3-P2,Rack-M5,3,2,323.00,145.00,16.67,stored,77,2026-02-02T04:54:55.872Z
BOX-Rack-M5-L3-P3,Rack-M5,3,3,324.50,145.00,16.67,stored,62,2026-01-25T04:54:55.872Z
BOX-Rack-M6-L1-P1,Rack-M6,1,1,321.50,160.00,3.33,stored,72,2026-02-13T04:54:55.872Z
BOX-Rack-M6-L1-P2,Rack-M6,1,2,323.00,160.00,3.33,stored,68,2026-02-12T04:54:55.872Z
BOX-Rack-M6-L1-P3,Rack-M6,1,3,324.50,160.00,3.33,stored,60,2026-02-06T04:54:55.872Z
BOX-Rack-M6-L2-P1,Rack-M6,2,1,321.50,160.00,10.00,stored,68,2026-01-30T04:54:55.872Z
BOX-Rack-M6-L2-P2,Rack-M6,2,2,323.00,160.00,10.00,stored,87,2026-01-24T04:54:55.872Z
BOX-Rack-M6-L2-P3,Rack-M6,2,3,324.50,160.00,10.00,stored,71,2026-02-06T04:54:55.872Z
BOX-Rack-M6-L3-P1,Rack-M6,3,1,321.50,160.00,16.67,stored,81,2026-02-07T04:54:55.872Z
BOX-Rack-M6-L3-P2,Rack-M6,3,2,323.00,160.00,16.67,stored,87,2026-02-02T04:54:55.872Z
BOX-Rack-M6-L3-P3,Rack-M6,3,3,324.50,160.00,16.67,stored,70,2026-02-10T04:54:55.872Z
BOX-Rack-N1-L1-P1,Rack-N1,1,1,329.50,85.00,3.33,stored,65,2026-02-06T04:54:55.872Z
BOX-Rack-N1-L1-P2,Rack-N1,1,2,331.00,85.00,3.33,stored,86,2026-01-23T04:54:55.872Z
BOX-Rack-N1-L1-P3,Rack-N1,1,3,332.50,85.00,3.33,stored,85,2026-02-17T04:54:55.872Z
BOX-Rack-N1-L2-P1,Rack-N1,2,1,329.50,85.00,10.00,stored,66,2026-02-09T04:54:55.872Z
BOX-Rack-N1-L2-P2,Rack-N1,2,2,331.00,85.00,10.00,stored,89,2026-02-10T04:54:55.872Z
BOX-Rack-N1-L2-P3,Rack-N1,2,3,332.50,85.00,10.00,stored,71,2026-01-22T04:54:55.872Z
BOX-Rack-N1-L3-P1,Rack-N1,3,1,329.50,85.00,16.67,stored,76,2026-02-16T04:54:55.872Z
BOX-Rack-N1-L3-P2,Rack-N1,3,2,331.00,85.00,16.67,stored,79,2026-01-31T04:54:55.872Z
BOX-Rack-N1-L3-P3,Rack-N1,3,3,332.50,85.00,16.67,stored,76,2026-02-15T04:54:55.872Z
BOX-Rack-N2-L1-P1,Rack-N2,1,1,329.50,100.00,3.33,stored,69,2026-02-12T04:54:55.872Z
BOX-Rack-N2-L1-P2,Rack-N2,1,2,331.00,100.00,3.33,stored,74,2026-02-05T04:54:55.872Z
BOX-Rack-N2-L1-P3,Rack-N2,1,3,332.50,100.00,3.33,stored,60,2026-02-09T04:54:55.872Z
BOX-Rack-N2-L2-P1,Rack-N2,2,1,329.50,100.00,10.00,stored,78,2026-02-06T04:54:55.872Z
BOX-Rack-N2-L2-P2,Rack-N2,2,2,331.00,100.00,10.00,stored,60,2026-01-22T04:54:55.872Z
BOX-Rack-N2-L2-P3,Rack-N2,2,3,332.50,100.00,10.00,stored,66,2026-01-30T04:54:55.872Z
BOX-Rack-N2-L3-P1,Rack-N2,3,1,329.50,100.00,16.67,stored,82,2026-01-21T04:54:55.872Z
BOX-Rack-N2-L3-P2,Rack-N2,3,2,331.00,100.00,16.67,stored,84,2026-02-03T04:54:55.872Z
BOX-Rack-N2-L3-P3,Rack-N2,3,3,332.50,100.00,16.67,stored,71,2026-02-15T04:54:55.872Z
BOX-Rack-N3-L1-P1,Rack-N3,1,1,329.50,115.00,3.33,stored,64,2026-02-02T04:54:55.872Z
BOX-Rack-N3-L1-P2,Rack-N3,1,2,331.00,115.00,3.33,stored,84,2026-02-10T04:54:55.872Z
BOX-Rack-N3-L1-P3,Rack-N3,1,3,332.50,115.00,3.33,stored,85,2026-02-02T04:54:55.872Z
BOX-Rack-N3-L2-P1,Rack-N3,2,1,329.50,115.00,10.00,stored,75,2026-02-17T04:54:55.872Z
BOX-Rack-N3-L2-P2,Rack-N3,2,2,331.00,115.00,10.00,stored,85,2026-02-16T04:54:55.872Z
BOX-Rack-N3-L2-P3,Rack-N3,2,3,332.50,115.00,10.00,stored,72,2026-02-02T04:54:55.872Z
BOX-Rack-N3-L3-P1,Rack-N3,3,1,329.50,115.00,16.67,stored,60,2026-01-24T04:54:55.872Z
BOX-Rack-N3-L3-P2,Rack-N3,3,2,331.00,115.00,16.67,stored,61,2026-02-13T04:54:55.872Z
BOX-Rack-N3-L3-P3,Rack-N3,3,3,332.50,115.00,16.67,stored,85,2026-02-14T04:54:55.872Z
BOX-Rack-N4-L1-P1,Rack-N4,1,1,329.50,130.00,3.33,stored,89,2026-02-11T04:54:55.872Z
BOX-Rack-N4-L1-P2,Rack-N4,1,2,331.00,130.00,3.33,stored,82,2026-01-26T04:54:55.872Z
BOX-Rack-N4-L1-P3,Rack-N4,1,3,332.50,130.00,3.33,stored,70,2026-02-09T04:54:55.872Z
BOX-Rack-N4-L2-P1,Rack-N4,2,1,329.50,130.00,10.00,stored,61,2026-02-02T04:54:55.872Z
BOX-Rack-N4-L2-P2,Rack-N4,2,2,331.00,130.00,10.00,stored,85,2026-02-02T04:54:55.872Z
BOX-Rack-N4-L2-P3,Rack-N4,2,3,332.50,130.00,10.00,stored,80,2026-02-09T04:54:55.872Z
BOX-Rack-N4-L3-P1,Rack-N4,3,1,329.50,130.00,16.67,stored,62,2026-02-13T04:54:55.872Z
BOX-Rack-N4-L3-P2,Rack-N4,3,2,331.00,130.00,16.67,stored,79,2026-02-01T04:54:55.872Z
BOX-Rack-N4-L3-P3,Rack-N4,3,3,332.50,130.00,16.67,stored,79,2026-02-08T04:54:55.872Z
BOX-Rack-N5-L1-P1,Rack-N5,1,1,329.50,145.00,3.33,stored,70,2026-02-05T04:54:55.872Z
BOX-Rack-N5-L1-P2,Rack-N5,1,2,331.00,145.00,3.33,stored,82,2026-02-12T04:54:55.872Z
BOX-Rack-N5-L1-P3,Rack-N5,1,3,332.50,145.00,3.33,stored,63,2026-01-27T04:54:55.872Z
BOX-Rack-N5-L2-P1,Rack-N5,2,1,329.50,145.00,10.00,stored,79,2026-02-15T04:54:55.872Z
BOX-Rack-N5-L2-P2,Rack-N5,2,2,331.00,145.00,10.00,stored,78,2026-02-14T04:54:55.872Z
BOX-Rack-N5-L2-P3,Rack-N5,2,3,332.50,145.00,10.00,stored,62,2026-01-23T04:54:55.872Z
BOX-Rack-N5-L3-P1,Rack-N5,3,1,329.50,145.00,16.67,stored,72,2026-02-12T04:54:55.872Z
BOX-Rack-N5-L3-P2,Rack-N5,3,2,331.00,145.00,16.67,stored,68,2026-02-09T04:54:55.872Z
BOX-Rack-N5-L3-P3,Rack-N5,3,3,332.50,145.00,16.67,stored,67,2026-01-28T04:54:55.872Z
BOX-Rack-N6-L1-P1,Rack-N6,1,1,329.50,160.00,3.33,stored,85,2026-01-26T04:54:55.872Z
BOX-Rack-N6-L1-P2,Rack-N6,1,2,331.00,160.00,3.33,stored,89,2026-02-04T04:54:55.872Z
BOX-Rack-N6-L1-P3,Rack-N6,1,3,332.50,160.00,3.33,stored,61,2026-01-28T04:54:55.872Z
BOX-Rack-N6-L2-P1,Rack-N6,2,1,329.50,160.00,10.00,stored,75,2026-01-21T04:54:55.872Z
BOX-Rack-N6-L2-P2,Rack-N6,2,2,331.00,160.00,10.00,stored,73,2026-01-26T04:54:55.872Z
BOX-Rack-N6-L2-P3,Rack-N6,2,3,332.50,160.00,10.00,stored,86,2026-02-09T04:54:55.872Z
BOX-Rack-N6-L3-P1,Rack-N6,3,1,329.50,160.00,16.67,stored,69,2026-01-22T04:54:55.872Z
BOX-Rack-N6-L3-P2,Rack-N6,3,2,331.00,160.00,16.67,stored,88,2026-01-25T04:54:55.872Z
BOX-Rack-N6-L3-P3,Rack-N6,3,3,332.50,160.00,16.67,stored,88,2026-02-03T04:54:55.872Z
BOX-Rack-O1-L1-P1,Rack-O1,1,1,349.50,85.00,3.33,stored,80,2026-01-25T04:54:55.872Z
BOX-Rack-O1-L1-P2,Rack-O1,1,2,351.00,85.00,3.33,stored,73,2026-01-27T04:54:55.872Z
BOX-Rack-O1-L1-P3,Rack-O1,1,3,352.50,85.00,3.33,stored,84,2026-02-04T04:54:55.872Z
BOX-Rack-O1-L2-P1,Rack-O1,2,1,349.50,85.00,10.00,stored,74,2026-01-23T04:54:55.872Z
BOX-Rack-O1-L2-P2,Rack-O1,2,2,351.00,85.00,10.00,stored,63,2026-02-01T04:54:55.872Z
BOX-Rack-O1-L2-P3,Rack-O1,2,3,352.50,85.00,10.00,stored,82,2026-01-22T04:54:55.872Z
BOX-Rack-O1-L3-P1,Rack-O1,3,1,349.50,85.00,16.67,stored,64,2026-01-31T04:54:55.872Z
BOX-Rack-O1-L3-P2,Rack-O1,3,2,351.00,85.00,16.67,stored,76,2026-01-26T04:54:55.872Z
BOX-Rack-O1-L3-P3,Rack-O1,3,3,352.50,85.00,16.67,stored,86,2026-01-25T04:54:55.872Z
BOX-Rack-O2-L1-P1,Rack-O2,1,1,349.50,100.00,3.33,stored,86,2026-02-02T04:54:55.872Z
BOX-Rack-O2-L1-P2,Rack-O2,1,2,351.00,100.00,3.33,stored,62,2026-01-24T04:54:55.872Z
BOX-Rack-O2-L1-P3,Rack-O2,1,3,352.50,100.00,3.33,stored,78,2026-02-17T04:54:55.872Z
BOX-Rack-O2-L2-P1,Rack-O2,2,1,349.50,100.00,10.00,stored,83,2026-01-24T04:54:55.872Z
BOX-Rack-O2-L2-P2,Rack-O2,2,2,351.00,100.00,10.00,stored,79,2026-02-15T04:54:55.872Z
BOX-Rack-O2-L2-P3,Rack-O2,2,3,352.50,100.00,10.00,stored,82,2026-02-12T04:54:55.872Z
BOX-Rack-O2-L3-P1,Rack-O2,3,1,349.50,100.00,16.67,stored,89,2026-02-16T04:54:55.872Z
BOX-Rack-O2-L3-P2,Rack-O2,3,2,351.00,100.00,16.67,stored,88,2026-02-16T04:54:55.872Z
BOX-Rack-O2-L3-P3,Rack-O2,3,3,352.50,100.00,16.67,stored,84,2026-02-08T04:54:55.872Z
BOX-Rack-O3-L1-P1,Rack-O3,1,1,349.50,115.00,3.33,stored,67,2026-02-19T04:54:55.872Z
BOX-Rack-O3-L1-P2,Rack-O3,1,2,351.00,115.00,3.33,stored,69,2026-02-16T04:54:55.872Z
BOX-Rack-O3-L1-P3,Rack-O3,1,3,352.50,115.00,3.33,stored,66,2026-01-23T04:54:55.873Z
BOX-Rack-O3-L2-P1,Rack-O3,2,1,349.50,115.00,10.00,stored,65,2026-02-06T04:54:55.873Z
BOX-Rack-O3-L2-P2,Rack-O3,2,2,351.00,115.00,10.00,stored,69,2026-02-16T04:54:55.873Z
BOX-Rack-O3-L2-P3,Rack-O3,2,3,352.50,115.00,10.00,stored,84,2026-01-22T04:54:55.873Z
BOX-Rack-O3-L3-P1,Rack-O3,3,1,349.50,115.00,16.67,stored,87,2026-02-13T04:54:55.873Z
BOX-Rack-O3-L3-P2,Rack-O3,3,2,351.00,115.00,16.67,stored,78,2026-02-16T04:54:55.873Z
BOX-Rack-O3-L3-P3,Rack-O3,3,3,352.50,115.00,16.67,stored,83,2026-01-29T04:54:55.873Z
BOX-Rack-O4-L1-P1,Rack-O4,1,1,349.50,130.00,3.33,stored,67,2026-02-17T04:54:55.873Z
BOX-Rack-O4-L1-P2,Rack-O4,1,2,351.00,130.00,3.33,stored,87,2026-01-26T04:54:55.873Z
BOX-Rack-O4-L1-P3,Rack-O4,1,3,352.50,130.00,3.33,stored,86,2026-01-27T04:54:55.873Z
BOX-Rack-O4-L2-P1,Rack-O4,2,1,349.50,130.00,10.00,stored,86,2026-02-12T04:54:55.873Z
BOX-Rack-O4-L2-P2,Rack-O4,2,2,351.00,130.00,10.00,stored,89,2026-01-28T04:54:55.873Z
BOX-Rack-O4-L2-P3,Rack-O4,2,3,352.50,130.00,10.00,stored,70,2026-02-04T04:54:55.873Z
BOX-Rack-O4-L3-P1,Rack-O4,3,1,349.50,130.00,16.67,stored,67,2026-02-08T04:54:55.873Z
BOX-Rack-O4-L3-P2,Rack-O4,3,2,351.00,130.00,16.67,stored,64,2026-02-14T04:54:55.873Z
BOX-Rack-O4-L3-P3,Rack-O4,3,3,352.50,130.00,16.67,stored,80,2026-02-18T04:54:55.873Z
BOX-Rack-O5-L1-P1,Rack-O5,1,1,349.50,145.00,3.33,stored,76,2026-02-08T04:54:55.873Z
BOX-Rack-O5-L1-P2,Rack-O5,1,2,351.00,145.00,3.33,stored,79,2026-01-26T04:54:55.873Z
BOX-Rack-O5-L1-P3,Rack-O5,1,3,352.50,145.00,3.33,stored,69,2026-02-13T04:54:55.873Z
BOX-Rack-O5-L2-P1,Rack-O5,2,1,349.50,145.00,10.00,stored,82,2026-01-22T04:54:55.873Z
BOX-Rack-O5-L2-P2,Rack-O5,2,2,351.00,145.00,10.00,stored,87,2026-02-05T04:54:55.873Z
BOX-Rack-O5-L2-P3,Rack-O5,2,3,352.50,145.00,10.00,stored,64,2026-01-29T04:54:55.873Z
BOX-Rack-O5-L3-P1,Rack-O5,3,1,349.50,145.00,16.67,stored,73,2026-01-26T04:54:55.873Z
BOX-Rack-O5-L3-P2,Rack-O5,3,2,351.00,145.00,16.67,stored,74,2026-02-03T04:54:55.873Z
BOX-Rack-O5-L3-P3,Rack-O5,3,3,352.50,145.00,16.67,stored,86,2026-01-22T04:54:55.873Z
BOX-Rack-O6-L1-P1,Rack-O6,1,1,349.50,160.00,3.33,stored,68,2026-02-12T04:54:55.873Z
BOX-Rack-O6-L1-P2,Rack-O6,1,2,351.00,160.00,3.33,stored,79,2026-01-29T04:54:55.873Z
BOX-Rack-O6-L1-P3,Rack-O6,1,3,352.50,160.00,3.33,stored,76,2026-02-13T04:54:55.873Z
BOX-Rack-O6-L2-P1,Rack-O6,2,1,349.50,160.00,10.00,stored,81,2026-02-02T04:54:55.873Z
BOX-Rack-O6-L2-P2,Rack-O6,2,2,351.00,160.00,10.00,stored,70,2026-02-15T04:54:55.873Z
BOX-Rack-O6-L2-P3,Rack-O6,2,3,352.50,160.00,10.00,stored,74,2026-02-15T04:54:55.873Z
BOX-Rack-O6-L3-P1,Rack-O6,3,1,349.50,160.00,16.67,stored,73,2026-01-23T04:54:55.873Z
BOX-Rack-O6-L3-P2,Rack-O6,3,2,351.00,160.00,16.67,stored,68,2026-02-02T04:54:55.873Z
BOX-Rack-O6-L3-P3,Rack-O6,3,3,352.50,160.00,16.67,stored,85,2026-02-01T04:54:55.873Z
BOX-Rack-P1-L1-P1,Rack-P1,1,1,357.50,85.00,3.33,stored,67,2026-01-29T04:54:55.873Z
BOX-Rack-P1-L1-P2,Rack-P1,1,2,359.00,85.00,3.33,stored,72,2026-01-31T04:54:55.873Z
BOX-Rack-P1-L1-P3,Rack-P1,1,3,360.50,85.00,3.33,stored,66,2026-02-01T04:54:55.873Z
BOX-Rack-P1-L2-P1,Rack-P1,2,1,357.50,85.00,10.00,stored,64,2026-01-23T04:54:55.873Z
BOX-Rack-P1-L2-P2,Rack-P1,2,2,359.00,85.00,10.00,stored,84,2026-01-31T04:54:55.873Z
BOX-Rack-P1-L2-P3,Rack-P1,2,3,360.50,85.00,10.00,stored,86,2026-01-24T04:54:55.873Z
BOX-Rack-P1-L3-P1,Rack-P1,3,1,357.50,85.00,16.67,stored,72,2026-02-02T04:54:55.874Z
BOX-Rack-P1-L3-P2,Rack-P1,3,2,359.00,85.00,16.67,stored,60,2026-02-16T04:54:55.874Z
BOX-Rack-P1-L3-P3,Rack-P1,3,3,360.50,85.00,16.67,stored,86,2026-01-27T04:54:55.874Z
BOX-Rack-P2-L1-P1,Rack-P2,1,1,357.50,100.00,3.33,stored,81,2026-02-17T04:54:55.874Z
BOX-Rack-P2-L1-P2,Rack-P2,1,2,359.00,100.00,3.33,stored,60,2026-01-26T04:54:55.874Z
BOX-Rack-P2-L1-P3,Rack-P2,1,3,360.50,100.00,3.33,stored,69,2026-01-29T04:54:55.874Z
BOX-Rack-P2-L2-P1,Rack-P2,2,1,357.50,100.00,10.00,stored,65,2026-02-13T04:54:55.874Z
BOX-Rack-P2-L2-P2,Rack-P2,2,2,359.00,100.00,10.00,stored,88,2026-01-28T04:54:55.874Z
BOX-Rack-P2-L2-P3,Rack-P2,2,3,360.50,100.00,10.00,stored,60,2026-02-13T04:54:55.874Z
BOX-Rack-P2-L3-P1,Rack-P2,3,1,357.50,100.00,16.67,stored,74,2026-01-24T04:54:55.874Z
BOX-Rack-P2-L3-P2,Rack-P2,3,2,359.00,100.00,16.67,stored,67,2026-01-29T04:54:55.874Z
BOX-Rack-P2-L3-P3,Rack-P2,3,3,360.50,100.00,16.67,stored,70,2026-01-22T04:54:55.874Z
BOX-Rack-P3-L1-P1,Rack-P3,1,1,357.50,115.00,3.33,stored,84,2026-02-11T04:54:55.874Z
BOX-Rack-P3-L1-P2,Rack-P3,1,2,359.00,115.00,3.33,stored,64,2026-01-27T04:54:55.874Z
BOX-Rack-P3-L1-P3,Rack-P3,1,3,360.50,115.00,3.33,stored,85,2026-02-19T04:54:55.874Z
BOX-Rack-P3-L2-P1,Rack-P3,2,1,357.50,115.00,10.00,stored,87,2026-01-27T04:54:55.874Z
BOX-Rack-P3-L2-P2,Rack-P3,2,2,359.00,115.00,10.00,stored,80,2026-02-13T04:54:55.874Z
BOX-Rack-P3-L2-P3,Rack-P3,2,3,360.50,115.00,10.00,stored,77,2026-02-06T04:54:55.874Z
BOX-Rack-P3-L3-P1,Rack-P3,3,1,357.50,115.00,16.67,stored,75,2026-02-09T04:54:55.874Z
BOX-Rack-P3-L3-P2,Rack-P3,3,2,359.00,115.00,16.67,stored,67,2026-02-11T04:54:55.874Z
BOX-Rack-P3-L3-P3,Rack-P3,3,3,360.50,115.00,16.67,stored,76,2026-01-26T04:54:55.874Z
BOX-Rack-P4-L1-P1,Rack-P4,1,1,357.50,130.00,3.33,stored,60,2026-02-03T04:54:55.874Z
BOX-Rack-P4-L1-P2,Rack-P4,1,2,359.00,130.00,3.33,stored,87,2026-01-29T04:54:55.874Z
BOX-Rack-P4-L1-P3,Rack-P4,1,3,360.50,130.00,3.33,stored,78,2026-01-24T04:54:55.874Z
BOX-Rack-P4-L2-P1,Rack-P4,2,1,357.50,130.00,10.00,stored,68,2026-02-02T04:54:55.874Z
BOX-Rack-P4-L2-P2,Rack-P4,2,2,359.00,130.00,10.00,stored,82,2026-01-24T04:54:55.874Z
BOX-Rack-P4-L2-P3,Rack-P4,2,3,360.50,130.00,10.00,stored,88,2026-02-17T04:54:55.874Z
BOX-Rack-P4-L3-P1,Rack-P4,3,1,357.50,130.00,16.67,stored,71,2026-01-24T04:54:55.874Z
BOX-Rack-P4-L3-P2,Rack-P4,3,2,359.00,130.00,16.67,stored,79,2026-01-30T04:54:55.874Z
BOX-Rack-P4-L3-P3,Rack-P4,3,3,360.50,130.00,16.67,stored,63,2026-01-24T04:54:55.874Z
BOX-Rack-P5-L1-P1,Rack-P5,1,1,357.50,145.00,3.33,stored,72,2026-02-05T04:54:55.874Z
BOX-Rack-P5-L1-P2,Rack-P5,1,2,359.00,145.00,3.33,stored,67,2026-02-08T04:54:55.874Z
BOX-Rack-P5-L1-P3,Rack-P5,1,3,360.50,145.00,3.33,stored,69,2026-02-14T04:54:55.874Z
BOX-Rack-P5-L2-P1,Rack-P5,2,1,357.50,145.00,10.00,stored,60,2026-01-21T04:54:55.874Z
BOX-Rack-P5-L2-P2,Rack-P5,2,2,359.00,145.00,10.00,stored,75,2026-01-23T04:54:55.874Z
BOX-Rack-P5-L2-P3,Rack-P5,2,3,360.50,145.00,10.00,stored,69,2026-02-03T04:54:55.874Z
BOX-Rack-P5-L3-P1,Rack-P5,3,1,357.50,145.00,16.67,stored,64,2026-01-30T04:54:55.874Z
BOX-Rack-P5-L3-P2,Rack-P5,3,2,359.00,145.00,16.67,stored,79,2026-01-21T04:54:55.874Z
BOX-Rack-P5-L3-P3,Rack-P5,3,3,360.50,145.00,16.67,stored,83,2026-02-12T04:54:55.874Z
BOX-Rack-P6-L1-P1,Rack-P6,1,1,357.50,160.00,3.33,stored,79,2026-01-22T04:54:55.874Z
BOX-Rack-P6-L1-P2,Rack-P6,1,2,359.00,160.00,3.33,stored,70,2026-02-04T04:54:55.874Z
BOX-Rack-P6-L1-P3,Rack-P6,1,3,360.50,160.00,3.33,stored,88,2026-02-18T04:54:55.874Z
BOX-Rack-P6-L2-P1,Rack-P6,2,1,357.50,160.00,10.00,stored,68,2026-02-16T04:54:55.874Z
BOX-Rack-P6-L2-P2,Rack-P6,2,2,359.00,160.00,10.00,stored,65,2026-01-23T04:54:55.874Z
BOX-Rack-P6-L2-P3,Rack-P6,2,3,360.50,160.00,10.00,stored,67,2026-02-02T04:54:55.874Z
BOX-Rack-P6-L3-P1,Rack-P6,3,1,357.50,160.00,16.67,stored,65,2026-02-10T04:54:55.874Z
BOX-Rack-P6-L3-P2,Rack-P6,3,2,359.00,160.00,16.67,stored,67,2026-01-27T04:54:55.874Z
BOX-Rack-P6-L3-P3,Rack-P6,3,3,360.50,160.00,16.67,stored,63,2026-02-02T04:54:55.874Z